MID,Sample,Drug,Day,Volume
0,HCI-010,Navitoclax,1.0,163.9208
0,HCI-010,Navitoclax,4.0,158.3743815
0,HCI-010,Navitoclax,8.0,197.154048
0,HCI-010,Navitoclax,11.0,158.5821765
0,HCI-010,Navitoclax,15.0,176.645
0,HCI-010,Navitoclax,18.0,175.6199535
0,HCI-010,Navitoclax,22.0,230.687446
1,HCI-010,Navitoclax,1.0,119.794563
1,HCI-010,Navitoclax,4.0,75.689856
1,HCI-010,Navitoclax,8.0,121.091274
1,HCI-010,Navitoclax,11.0,103.231956
1,HCI-010,Navitoclax,15.0,99.947844
1,HCI-010,Navitoclax,18.0,125.015022
1,HCI-010,Navitoclax,22.0,111.587111
2,HCI-010,Navitoclax,1.0,132.0270255
2,HCI-010,Navitoclax,4.0,100.601028
2,HCI-010,Navitoclax,8.0,94.2589395
2,HCI-010,Navitoclax,11.0,120.24
2,HCI-010,Navitoclax,15.0,131.475212
2,HCI-010,Navitoclax,18.0,108.0658915
2,HCI-010,Navitoclax,22.0,110.372796
3,HCI-024,Navitoclax,1.0,285.77
3,HCI-024,Navitoclax,4.0,221.5541835
3,HCI-024,Navitoclax,8.0,275.562
3,HCI-024,Navitoclax,11.0,286.510167
3,HCI-024,Navitoclax,15.0,282.446193
3,HCI-024,Navitoclax,18.0,308.213136
3,HCI-024,Navitoclax,22.0,367.335
4,HCI-024,Navitoclax,1.0,176.157
4,HCI-024,Navitoclax,4.0,123.7768
4,HCI-024,Navitoclax,8.0,135.2819875
4,HCI-024,Navitoclax,11.0,155.1080245
4,HCI-024,Navitoclax,15.0,213.9964515
4,HCI-024,Navitoclax,18.0,184.485
4,HCI-024,Navitoclax,22.0,213.0164
5,HCI-024,Navitoclax,1.0,246.402
5,HCI-024,Navitoclax,4.0,201.51828
5,HCI-024,Navitoclax,8.0,235.090828
5,HCI-024,Navitoclax,11.0,235.916674
5,HCI-024,Navitoclax,15.0,219.399754
5,HCI-024,Navitoclax,18.0,240.206658
5,HCI-024,Navitoclax,22.0,308.72989
6,HCI-015,Navitoclax,1.0,199.1195
6,HCI-015,Navitoclax,4.0,253.008712
6,HCI-015,Navitoclax,8.0,326.974325
6,HCI-015,Navitoclax,11.0,415.7314515
6,HCI-015,Navitoclax,15.0,400.40663
6,HCI-015,Navitoclax,18.0,453.722412
6,HCI-015,Navitoclax,22.0,566.65268
7,HCI-015,Navitoclax,1.0,131.072
7,HCI-015,Navitoclax,4.0,141.207612
7,HCI-015,Navitoclax,8.0,170.22356
7,HCI-015,Navitoclax,11.0,163.13152
7,HCI-015,Navitoclax,15.0,229.976224
7,HCI-015,Navitoclax,18.0,231.7229375
7,HCI-015,Navitoclax,22.0,242.709578
8,HCI-015,Navitoclax,1.0,141.312
8,HCI-015,Navitoclax,4.0,213.9964515
8,HCI-015,Navitoclax,8.0,157.18563
8,HCI-015,Navitoclax,11.0,182.7015
8,HCI-015,Navitoclax,15.0,257.82809
8,HCI-015,Navitoclax,18.0,227.56025
8,HCI-015,Navitoclax,22.0,240.1245
9,HCI-027,Navitoclax,1.0,152.1
9,HCI-027,Navitoclax,4.0,157.29396
9,HCI-027,Navitoclax,8.0,284.8168445
9,HCI-027,Navitoclax,11.0,333.5596
9,HCI-027,Navitoclax,15.0,348.884382
9,HCI-027,Navitoclax,18.0,591.9876
9,HCI-027,Navitoclax,22.0,562.306369
10,HCI-027,Navitoclax,1.0,157.115
10,HCI-027,Navitoclax,4.0,106.431975
10,HCI-027,Navitoclax,8.0,213.7629375
10,HCI-027,Navitoclax,11.0,207.237042
10,HCI-027,Navitoclax,15.0,270.323298
10,HCI-027,Navitoclax,18.0,331.515679
10,HCI-027,Navitoclax,22.0,862.9832715
11,HCI-027,Navitoclax,1.0,219.04
11,HCI-027,Navitoclax,4.0,219.29335
11,HCI-027,Navitoclax,8.0,343.404325
11,HCI-027,Navitoclax,11.0,370.29252
11,HCI-027,Navitoclax,15.0,388.4700285
11,HCI-027,Navitoclax,18.0,322.5364
11,HCI-027,Navitoclax,22.0,469.5003
12,HCI-002,Navitoclax,1.0,267.385952
12,HCI-002,Navitoclax,4.0,330.8071095
12,HCI-002,Navitoclax,8.0,466.3990375
12,HCI-002,Navitoclax,11.0,665.3637315
12,HCI-002,Navitoclax,15.0,767.000047
12,HCI-002,Navitoclax,18.0,765.797104
12,HCI-002,Navitoclax,22.0,928.08
13,HCI-002,Navitoclax,1.0,180.002988
13,HCI-002,Navitoclax,4.0,225.416594
13,HCI-002,Navitoclax,8.0,376.1999425
13,HCI-002,Navitoclax,11.0,498.9726
13,HCI-002,Navitoclax,15.0,662.2694245
13,HCI-002,Navitoclax,18.0,712.331704
13,HCI-002,Navitoclax,22.0,687.587868
14,HCI-002,Navitoclax,1.0,107.595104
14,HCI-002,Navitoclax,4.0,145.8167625
14,HCI-002,Navitoclax,8.0,144.7936
14,HCI-002,Navitoclax,11.0,203.8612125
14,HCI-002,Navitoclax,15.0,223.743762
14,HCI-002,Navitoclax,18.0,204.249254
14,HCI-002,Navitoclax,22.0,214.043264
15,HCI-002,Vehicle,1.0,127.977608
15,HCI-002,Vehicle,4.0,94.36752
15,HCI-002,Vehicle,8.0,132.2894275
15,HCI-002,Vehicle,11.0,178.4521665
15,HCI-002,Vehicle,15.0,243.9844
15,HCI-002,Vehicle,18.0,279.79374
15,HCI-002,Vehicle,22.0,482.2335
16,HCI-002,Vehicle,1.0,242.0734865
16,HCI-002,Vehicle,4.0,309.3052845
16,HCI-002,Vehicle,8.0,414.8497305
16,HCI-002,Vehicle,11.0,594.560088
16,HCI-002,Vehicle,15.0,792.4225
16,HCI-002,Vehicle,18.0,923.000832
16,HCI-002,Vehicle,22.0,1195.42212
17,HCI-002,Vehicle,1.0,180.50552
17,HCI-002,Vehicle,4.0,287.934109
17,HCI-002,Vehicle,8.0,369.333032
17,HCI-002,Vehicle,11.0,537.23241
17,HCI-002,Vehicle,15.0,613.941774
17,HCI-002,Vehicle,18.0,772.506436
17,HCI-002,Vehicle,22.0,967.903125
18,HCI-002,Vehicle,1.0,150.504858
18,HCI-002,Vehicle,4.0,163.8443625
18,HCI-002,Vehicle,8.0,335.34375
18,HCI-002,Vehicle,11.0,440.9164
18,HCI-002,Vehicle,15.0,526.764738
18,HCI-002,Vehicle,18.0,670.298813
18,HCI-002,Vehicle,22.0,1347.521759
19,HCI-002,Vehicle,1.0,242.764478
19,HCI-002,Vehicle,4.0,220.21875
19,HCI-002,Vehicle,8.0,402.711745
19,HCI-002,Vehicle,11.0,379.3671875
19,HCI-002,Vehicle,15.0,624.581504
19,HCI-002,Vehicle,18.0,753.2554
19,HCI-002,Vehicle,22.0,875.691675
20,HCI-002,Vehicle,1.0,202.335246
20,HCI-002,Vehicle,4.0,219.950318
20,HCI-002,Vehicle,8.0,337.6952685
20,HCI-002,Vehicle,11.0,394.30672
20,HCI-002,Vehicle,15.0,584.828332
20,HCI-002,Vehicle,18.0,614.247449
20,HCI-002,Vehicle,22.0,863.09145
21,HCI-023,Docetaxel,1.0,305.96859
21,HCI-023,Docetaxel,3.0,275.736132
21,HCI-023,Docetaxel,7.0,247.9491465
21,HCI-023,Docetaxel,10.0,168.763534
21,HCI-023,Docetaxel,14.0,116.2456595
21,HCI-023,Docetaxel,17.0,67.108864
21,HCI-023,Docetaxel,21.0,45.08334
22,HCI-023,Docetaxel,1.0,235.9296
22,HCI-023,Docetaxel,3.0,232.90092
22,HCI-023,Docetaxel,7.0,172.0128
22,HCI-023,Docetaxel,10.0,181.3
22,HCI-023,Docetaxel,14.0,109.6515
22,HCI-023,Docetaxel,17.0,86.633576
22,HCI-023,Docetaxel,21.0,87.005184
23,HCI-023,Docetaxel,1.0,180.565
23,HCI-023,Docetaxel,3.0,234.519704
23,HCI-023,Docetaxel,7.0,169.672086
23,HCI-023,Docetaxel,10.0,132.5001645
23,HCI-023,Docetaxel,14.0,111.392
23,HCI-023,Docetaxel,17.0,74.646275
23,HCI-023,Docetaxel,21.0,58.583424
24,HCI-023,Vehicle,1.0,217.9561
24,HCI-023,Vehicle,3.0,203.4722025
24,HCI-023,Vehicle,7.0,253.345152
24,HCI-023,Vehicle,10.0,291.594775
24,HCI-023,Vehicle,14.0,359.8976205
24,HCI-023,Vehicle,17.0,336.3808275
24,HCI-023,Vehicle,21.0,461.087288
25,HCI-023,Vehicle,1.0,308.594592
25,HCI-023,Vehicle,3.0,418.392126
25,HCI-023,Vehicle,7.0,483.502662
25,HCI-023,Vehicle,10.0,616.002922
25,HCI-023,Vehicle,14.0,522.31344
25,HCI-023,Vehicle,17.0,636.172547
25,HCI-023,Vehicle,21.0,918.174908
26,HCI-023,Vehicle,1.0,201.698308
26,HCI-023,Vehicle,3.0,256.3903225
26,HCI-023,Vehicle,7.0,238.077184
26,HCI-023,Vehicle,10.0,334.855354
26,HCI-023,Vehicle,14.0,406.002456
26,HCI-023,Vehicle,17.0,331.88535
26,HCI-023,Vehicle,21.0,471.7524005
27,HCI-023,Vehicle,1.0,200.552418
27,HCI-023,Vehicle,3.0,259.949736
27,HCI-023,Vehicle,7.0,172.15315
27,HCI-023,Vehicle,10.0,250.970112
27,HCI-023,Vehicle,14.0,235.99035
27,HCI-023,Vehicle,17.0,370.445886
27,HCI-023,Vehicle,21.0,357.499688
28,HCI-023,Vehicle,1.0,343.748438
28,HCI-023,Vehicle,3.0,431.5205
28,HCI-023,Vehicle,7.0,446.261794
28,HCI-023,Vehicle,10.0,524.102922
28,HCI-023,Vehicle,14.0,515.234039
28,HCI-023,Vehicle,17.0,496.01322
28,HCI-023,Vehicle,21.0,586.824588
29,HCI-023,Vehicle,1.0,192.9886145
29,HCI-023,Vehicle,3.0,190.21293
29,HCI-023,Vehicle,7.0,198.180576
29,HCI-023,Vehicle,10.0,220.6224375
29,HCI-023,Vehicle,14.0,224.2520595
29,HCI-023,Vehicle,17.0,248.2732995
29,HCI-023,Vehicle,21.0,272.1681885
30,HCI-015,Docetaxel,1.0,199.584
30,HCI-015,Docetaxel,4.0,212.310854
30,HCI-015,Docetaxel,8.0,160.196778
30,HCI-015,Docetaxel,11.0,152.576
30,HCI-015,Docetaxel,15.0,126.880038
30,HCI-015,Docetaxel,18.0,120.0864375
30,HCI-015,Docetaxel,22.0,100.5723
31,HCI-015,Docetaxel,1.0,105.5925
31,HCI-015,Docetaxel,4.0,79.8946055
31,HCI-015,Docetaxel,8.0,148.014742
31,HCI-015,Docetaxel,11.0,111.6
31,HCI-015,Docetaxel,15.0,97.215268
31,HCI-015,Docetaxel,18.0,64.8044875
31,HCI-015,Docetaxel,22.0,49.800672
32,HCI-015,Docetaxel,1.0,107.648
32,HCI-015,Docetaxel,4.0,64.135018
32,HCI-015,Docetaxel,8.0,79.4628915
32,HCI-015,Docetaxel,11.0,46.994448
32,HCI-015,Docetaxel,15.0,62.242048
32,HCI-015,Docetaxel,18.0,64.605042
32,HCI-015,Docetaxel,22.0,70.09705
33,HCI-015,Vehicle,1.0,138.915
33,HCI-015,Vehicle,4.0,145.330504
33,HCI-015,Vehicle,8.0,182.6566875
33,HCI-015,Vehicle,11.0,203.187798
33,HCI-015,Vehicle,15.0,306.9543645
33,HCI-015,Vehicle,18.0,338.6242485
33,HCI-015,Vehicle,22.0,389.207
34,HCI-015,Vehicle,1.0,178.85
34,HCI-015,Vehicle,4.0,172.1692665
34,HCI-015,Vehicle,8.0,261.140824
34,HCI-015,Vehicle,11.0,322.8452955
34,HCI-015,Vehicle,15.0,356.979056
34,HCI-015,Vehicle,18.0,326.810204
34,HCI-015,Vehicle,22.0,433.2
35,HCI-015,Vehicle,1.0,121.086
35,HCI-015,Vehicle,4.0,147.9168115
35,HCI-015,Vehicle,8.0,230.538924
35,HCI-015,Vehicle,11.0,249.67965
35,HCI-015,Vehicle,15.0,355.743
35,HCI-015,Vehicle,18.0,294.208936
35,HCI-015,Vehicle,22.0,343.901538
36,HCI-015,Vehicle,1.0,130.235
36,HCI-015,Vehicle,4.0,101.71303
36,HCI-015,Vehicle,8.0,133.490286
36,HCI-015,Vehicle,11.0,123.037704
36,HCI-015,Vehicle,15.0,106.6600685
36,HCI-015,Vehicle,18.0,135.502848
36,HCI-015,Vehicle,22.0,106.1705
37,HCI-015,Vehicle,1.0,124.6535
37,HCI-015,Vehicle,4.0,147.39008
37,HCI-015,Vehicle,8.0,198.82044
37,HCI-015,Vehicle,11.0,211.606956
37,HCI-015,Vehicle,15.0,224.1088
37,HCI-015,Vehicle,18.0,298.969344
37,HCI-015,Vehicle,22.0,313.227576
38,HCI-015,Vehicle,1.0,291.9645
38,HCI-015,Vehicle,4.0,247.3814115
38,HCI-015,Vehicle,8.0,367.566903
38,HCI-015,Vehicle,11.0,486.2446875
38,HCI-015,Vehicle,15.0,536.3262
38,HCI-015,Vehicle,18.0,535.690116
38,HCI-015,Vehicle,22.0,573.3874935
39,HCI-019,Docetaxel,1.0,123.008
39,HCI-019,Docetaxel,4.0,164.152
39,HCI-019,Docetaxel,8.0,122.4
39,HCI-019,Docetaxel,11.0,145.926
39,HCI-019,Docetaxel,15.0,70.227
39,HCI-019,Docetaxel,18.0,47.1495
39,HCI-019,Docetaxel,22.0,4.0
40,HCI-019,Docetaxel,1.0,202.612
40,HCI-019,Docetaxel,4.0,142.884
40,HCI-019,Docetaxel,8.0,205.35
40,HCI-019,Docetaxel,11.0,194.4
40,HCI-019,Docetaxel,15.0,145.408
40,HCI-019,Docetaxel,18.0,99.238
40,HCI-019,Docetaxel,22.0,94.08
41,HCI-019,Docetaxel,1.0,181.3
41,HCI-019,Docetaxel,4.0,180.918
41,HCI-019,Docetaxel,8.0,222.376
41,HCI-019,Docetaxel,11.0,234.1955
41,HCI-019,Docetaxel,15.0,225.0
41,HCI-019,Docetaxel,18.0,132.9615
41,HCI-019,Docetaxel,22.0,128.9925
42,HCI-019,Vehicle,1.0,169.884
42,HCI-019,Vehicle,4.0,136.462
42,HCI-019,Vehicle,8.0,199.1195
42,HCI-019,Vehicle,11.0,152.1
42,HCI-019,Vehicle,15.0,166.698
42,HCI-019,Vehicle,18.0,168.3375
42,HCI-019,Vehicle,22.0,205.8
43,HCI-019,Vehicle,1.0,205.35
43,HCI-019,Vehicle,4.0,166.464
43,HCI-019,Vehicle,8.0,255.881
43,HCI-019,Vehicle,11.0,216.302
43,HCI-019,Vehicle,15.0,257.9115
43,HCI-019,Vehicle,18.0,288.684
43,HCI-019,Vehicle,22.0,334.1165
44,HCI-019,Vehicle,1.0,84.7
44,HCI-019,Vehicle,4.0,113.4
44,HCI-019,Vehicle,8.0,89.376
44,HCI-019,Vehicle,11.0,114.873
44,HCI-019,Vehicle,15.0,75.712
44,HCI-019,Vehicle,18.0,132.618
44,HCI-019,Vehicle,22.0,125.0235
45,HCI-019,Vehicle,1.0,176.157
45,HCI-019,Vehicle,4.0,159.528
45,HCI-019,Vehicle,8.0,189.0375
45,HCI-019,Vehicle,11.0,255.528
45,HCI-019,Vehicle,15.0,278.8425
45,HCI-019,Vehicle,18.0,299.88
45,HCI-019,Vehicle,22.0,333.036
46,HCI-019,Vehicle,1.0,74.36
46,HCI-019,Vehicle,4.0,90.75
46,HCI-019,Vehicle,8.0,85.6745
46,HCI-019,Vehicle,11.0,90.944
46,HCI-019,Vehicle,15.0,141.5375
46,HCI-019,Vehicle,18.0,121.086
46,HCI-019,Vehicle,22.0,168.776
47,HCI-019,Vehicle,1.0,89.2375
47,HCI-019,Vehicle,4.0,104.284
47,HCI-019,Vehicle,8.0,132.9615
47,HCI-019,Vehicle,11.0,119.164
47,HCI-019,Vehicle,15.0,120.0945
47,HCI-019,Vehicle,18.0,216.5625
47,HCI-019,Vehicle,22.0,194.5085
48,HCI-016,Docetaxel,1.0,216.302
48,HCI-016,Docetaxel,5.0,153.6
48,HCI-016,Docetaxel,8.0,142.228
48,HCI-016,Docetaxel,12.0,62.208
48,HCI-016,Docetaxel,15.0,32.0
48,HCI-016,Docetaxel,19.0,13.5
48,HCI-016,Docetaxel,22.0,0.0
49,HCI-016,Docetaxel,1.0,313.4495
49,HCI-016,Docetaxel,5.0,340.605
49,HCI-016,Docetaxel,8.0,329.122
49,HCI-016,Docetaxel,12.0,171.396
49,HCI-016,Docetaxel,15.0,141.312
49,HCI-016,Docetaxel,19.0,78.03
49,HCI-016,Docetaxel,22.0,41.454
50,HCI-016,Docetaxel,1.0,65.0
50,HCI-016,Docetaxel,5.0,42.336
50,HCI-016,Docetaxel,8.0,32.0
50,HCI-016,Docetaxel,12.0,32.0
50,HCI-016,Docetaxel,15.0,0.5
50,HCI-016,Docetaxel,19.0,0.0
50,HCI-016,Docetaxel,22.0,0.0
51,HCI-016,Vehicle,1.0,65.0
51,HCI-016,Vehicle,5.0,67.5
51,HCI-016,Vehicle,8.0,114.376
51,HCI-016,Vehicle,12.0,99.825
51,HCI-016,Vehicle,15.0,120.0945
51,HCI-016,Vehicle,19.0,136.9305
51,HCI-016,Vehicle,22.0,136.9305
52,HCI-016,Vehicle,1.0,111.392
52,HCI-016,Vehicle,5.0,139.264
52,HCI-016,Vehicle,8.0,175.712
52,HCI-016,Vehicle,12.0,249.64
52,HCI-016,Vehicle,15.0,306.5605
52,HCI-016,Vehicle,19.0,332.82
52,HCI-016,Vehicle,22.0,433.2
53,HCI-016,Vehicle,1.0,262.122
53,HCI-016,Vehicle,5.0,329.476
53,HCI-016,Vehicle,8.0,394.944
53,HCI-016,Vehicle,12.0,479.859
53,HCI-016,Vehicle,15.0,514.5525
53,HCI-016,Vehicle,19.0,550.0
53,HCI-016,Vehicle,22.0,853.0125
54,HCI-016,Vehicle,1.0,295.856
54,HCI-016,Vehicle,5.0,336.518
54,HCI-016,Vehicle,8.0,432.964
54,HCI-016,Vehicle,12.0,523.418
54,HCI-016,Vehicle,15.0,578.1905
54,HCI-016,Vehicle,19.0,659.3955
54,HCI-016,Vehicle,22.0,915.008
55,HCI-016,Vehicle,1.0,352.352
55,HCI-016,Vehicle,5.0,464.7875
55,HCI-016,Vehicle,8.0,523.418
55,HCI-016,Vehicle,12.0,546.3635
55,HCI-016,Vehicle,15.0,584.325
55,HCI-016,Vehicle,19.0,696.1365
55,HCI-016,Vehicle,22.0,1117.1875
56,HCI-016,Vehicle,1.0,67.5
56,HCI-016,Vehicle,5.0,87.725
56,HCI-016,Vehicle,8.0,111.6
56,HCI-016,Vehicle,12.0,115.351
56,HCI-016,Vehicle,15.0,152.46
56,HCI-016,Vehicle,19.0,178.5375
56,HCI-016,Vehicle,22.0,173.95
57,HCI-002,Docetaxel,1.0,222.95
57,HCI-002,Docetaxel,3.0,273.885
57,HCI-002,Docetaxel,7.0,321.671104
57,HCI-002,Docetaxel,10.0,143.1388795
57,HCI-002,Docetaxel,14.0,118.7183385
57,HCI-002,Docetaxel,17.0,87.005184
57,HCI-002,Docetaxel,21.0,68.873684
58,HCI-002,Docetaxel,1.0,249.444
58,HCI-002,Docetaxel,3.0,215.638093
58,HCI-002,Docetaxel,7.0,170.3535
58,HCI-002,Docetaxel,10.0,89.0639955
58,HCI-002,Docetaxel,14.0,70.540332
58,HCI-002,Docetaxel,17.0,79.9710535
58,HCI-002,Docetaxel,21.0,18.0
59,HCI-002,Docetaxel,1.0,249.018
59,HCI-002,Docetaxel,3.0,309.689604
59,HCI-002,Docetaxel,7.0,206.5259195
59,HCI-002,Docetaxel,10.0,179.627058
59,HCI-002,Docetaxel,14.0,100.5836
59,HCI-002,Docetaxel,17.0,118.045529
59,HCI-002,Docetaxel,21.0,76.5524115
60,HCI-002,Vehicle,1.0,343.914
60,HCI-002,Vehicle,3.0,467.886794
60,HCI-002,Vehicle,7.0,620.6265
60,HCI-002,Vehicle,10.0,948.2545485
60,HCI-002,Vehicle,14.0,1219.519466
61,HCI-002,Vehicle,1.0,190.44
61,HCI-002,Vehicle,3.0,310.3126
61,HCI-002,Vehicle,7.0,569.805312
61,HCI-002,Vehicle,10.0,687.8711475
61,HCI-002,Vehicle,14.0,887.3782705
62,HCI-002,Vehicle,1.0,244.6875
62,HCI-002,Vehicle,3.0,330.512905
62,HCI-002,Vehicle,7.0,566.636
62,HCI-002,Vehicle,10.0,623.71575
62,HCI-002,Vehicle,14.0,1001.309452
63,HCI-027,Docetaxel,1.0,168.776
63,HCI-027,Docetaxel,4.0,146.273636
63,HCI-027,Docetaxel,8.0,117.962502
63,HCI-027,Docetaxel,11.0,4.0
63,HCI-027,Docetaxel,15.0,13.5
63,HCI-027,Docetaxel,18.0,0.5
63,HCI-027,Docetaxel,22.0,0.5
64,HCI-027,Docetaxel,1.0,210.9375
64,HCI-027,Docetaxel,4.0,263.636856
64,HCI-027,Docetaxel,8.0,345.65389
64,HCI-027,Docetaxel,11.0,318.5242525
64,HCI-027,Docetaxel,15.0,164.013696
64,HCI-027,Docetaxel,18.0,88.8375145
64,HCI-027,Docetaxel,22.0,4.0
65,HCI-027,Docetaxel,1.0,139.264
65,HCI-027,Docetaxel,4.0,132.325596
65,HCI-027,Docetaxel,8.0,81.5736515
65,HCI-027,Docetaxel,11.0,0.5
65,HCI-027,Docetaxel,15.0,4.0
65,HCI-027,Docetaxel,18.0,0.5
65,HCI-027,Docetaxel,22.0,0.0
66,HCI-027,Vehicle,1.0,128.9925
66,HCI-027,Vehicle,4.0,165.129326
66,HCI-027,Vehicle,8.0,289.154556
66,HCI-027,Vehicle,11.0,294.88725
66,HCI-027,Vehicle,15.0,484.25788
66,HCI-027,Vehicle,18.0,717.56388
66,HCI-027,Vehicle,22.0,864.799515
67,HCI-027,Vehicle,1.0,169.0155
67,HCI-027,Vehicle,4.0,119.47724
67,HCI-027,Vehicle,8.0,180.075
67,HCI-027,Vehicle,11.0,267.3727695
67,HCI-027,Vehicle,15.0,329.991471
67,HCI-027,Vehicle,18.0,447.675138
67,HCI-027,Vehicle,22.0,561.152304
68,HCI-027,Vehicle,1.0,164.775
68,HCI-027,Vehicle,4.0,118.52805
68,HCI-027,Vehicle,8.0,280.0755415
68,HCI-027,Vehicle,11.0,393.1431455
68,HCI-027,Vehicle,15.0,480.730336
68,HCI-027,Vehicle,18.0,609.294582
68,HCI-027,Vehicle,22.0,814.4955
69,HCI-027,Vehicle,1.0,222.376
69,HCI-027,Vehicle,4.0,306.377451
69,HCI-027,Vehicle,8.0,446.000768
69,HCI-027,Vehicle,11.0,533.7610235
69,HCI-027,Vehicle,15.0,595.3558315
69,HCI-027,Vehicle,18.0,861.754016
69,HCI-027,Vehicle,22.0,808.3512
70,HCI-027,Vehicle,1.0,106.1705
70,HCI-027,Vehicle,4.0,105.026064
70,HCI-027,Vehicle,8.0,177.897976
70,HCI-027,Vehicle,11.0,301.0713795
70,HCI-027,Vehicle,15.0,253.6773075
70,HCI-027,Vehicle,18.0,277.85835
70,HCI-027,Vehicle,22.0,336.093552
71,HCI-027,Vehicle,1.0,256.0
71,HCI-027,Vehicle,4.0,277.4672
71,HCI-027,Vehicle,8.0,465.1468875
71,HCI-027,Vehicle,11.0,611.44947
71,HCI-027,Vehicle,15.0,615.171
71,HCI-027,Vehicle,18.0,742.503353
71,HCI-027,Vehicle,22.0,938.1346875
72,HCI-010,Docetaxel,1.0,147.605248
72,HCI-010,Docetaxel,4.0,206.428768
72,HCI-010,Docetaxel,11.0,176.4610605
72,HCI-010,Docetaxel,15.0,118.7912055
72,HCI-010,Docetaxel,18.0,94.7176875
72,HCI-010,Docetaxel,22.0,91.617575
73,HCI-010,Docetaxel,1.0,151.668224
73,HCI-010,Docetaxel,4.0,196.6401
73,HCI-010,Docetaxel,11.0,134.768968
73,HCI-010,Docetaxel,15.0,93.647746
73,HCI-010,Docetaxel,18.0,83.152816
73,HCI-010,Docetaxel,22.0,88.266655
74,HCI-010,Docetaxel,1.0,155.795742
74,HCI-010,Docetaxel,4.0,240.621952
74,HCI-010,Docetaxel,11.0,152.2669685
74,HCI-010,Docetaxel,15.0,175.577674
74,HCI-010,Docetaxel,18.0,217.114786
74,HCI-010,Docetaxel,22.0,177.1919145
75,HCI-010,Vehicle,1.0,159.2693275
75,HCI-010,Vehicle,4.0,214.0458975
75,HCI-010,Vehicle,11.0,197.669846
75,HCI-010,Vehicle,15.0,250.253442
75,HCI-010,Vehicle,18.0,209.0332195
75,HCI-010,Vehicle,22.0,261.789003
76,HCI-010,Vehicle,1.0,222.6064
76,HCI-010,Vehicle,4.0,328.329144
76,HCI-010,Vehicle,8.0,367.326226
76,HCI-010,Vehicle,11.0,345.331126
76,HCI-010,Vehicle,15.0,364.366
76,HCI-010,Vehicle,18.0,416.927936
76,HCI-010,Vehicle,22.0,475.215494
77,HCI-010,Vehicle,1.0,176.731632
77,HCI-010,Vehicle,4.0,273.46655
77,HCI-010,Vehicle,11.0,236.058039
77,HCI-010,Vehicle,15.0,299.4131035
77,HCI-010,Vehicle,18.0,341.8778405
77,HCI-010,Vehicle,22.0,353.835756
78,HCI-010,Vehicle,1.0,153.277944
78,HCI-010,Vehicle,4.0,226.731776
78,HCI-010,Vehicle,11.0,237.2731875
78,HCI-010,Vehicle,15.0,311.00872
78,HCI-010,Vehicle,18.0,353.9807775
78,HCI-010,Vehicle,22.0,295.61175
79,HCI-010,Vehicle,1.0,98.907408
79,HCI-010,Vehicle,4.0,121.42592
79,HCI-010,Vehicle,8.0,151.255
79,HCI-010,Vehicle,11.0,76.7882315
79,HCI-010,Vehicle,15.0,118.272129
79,HCI-010,Vehicle,18.0,125.6047155
79,HCI-010,Vehicle,22.0,135.359991
80,HCI-010,Vehicle,1.0,233.615313
80,HCI-010,Vehicle,4.0,387.760128
80,HCI-010,Vehicle,8.0,445.835
80,HCI-010,Vehicle,11.0,393.471516
80,HCI-010,Vehicle,15.0,427.785475
80,HCI-010,Vehicle,18.0,578.1917435
80,HCI-010,Vehicle,22.0,517.0
81,HCI-024,Docetaxel,1.0,194.4
81,HCI-024,Docetaxel,4.0,238.7484375
81,HCI-024,Docetaxel,8.0,249.0159
81,HCI-024,Docetaxel,11.0,205.032564
81,HCI-024,Docetaxel,15.0,163.515672
81,HCI-024,Docetaxel,18.0,207.223744
81,HCI-024,Docetaxel,22.0,107.353512
82,HCI-024,Docetaxel,1.0,133.2
82,HCI-024,Docetaxel,4.0,151.381696
82,HCI-024,Docetaxel,8.0,167.82525
82,HCI-024,Docetaxel,11.0,127.592613
82,HCI-024,Docetaxel,15.0,56.6803755
82,HCI-024,Docetaxel,18.0,38.80016
82,HCI-024,Docetaxel,22.0,13.5
83,HCI-024,Docetaxel,1.0,249.64
83,HCI-024,Docetaxel,4.0,285.77
83,HCI-024,Docetaxel,8.0,262.969784
83,HCI-024,Docetaxel,11.0,173.2188525
83,HCI-024,Docetaxel,15.0,97.5032235
83,HCI-024,Docetaxel,18.0,124.2949585
83,HCI-024,Docetaxel,22.0,63.3142645
84,HCI-024,Vehicle,1.0,243.089
84,HCI-024,Vehicle,4.0,291.3084
84,HCI-024,Vehicle,8.0,255.981096
84,HCI-024,Vehicle,11.0,322.0722
84,HCI-024,Vehicle,15.0,286.9082155
84,HCI-024,Vehicle,18.0,309.371328
84,HCI-024,Vehicle,22.0,337.949498
85,HCI-024,Vehicle,1.0,149.504
85,HCI-024,Vehicle,4.0,156.248064
85,HCI-024,Vehicle,8.0,144.9138745
85,HCI-024,Vehicle,11.0,154.5576375
85,HCI-024,Vehicle,15.0,187.943224
85,HCI-024,Vehicle,18.0,202.2556385
85,HCI-024,Vehicle,22.0,226.7277125
86,HCI-024,Vehicle,1.0,173.95
86,HCI-024,Vehicle,4.0,198.790704
86,HCI-024,Vehicle,8.0,233.30615
86,HCI-024,Vehicle,11.0,239.88356
86,HCI-024,Vehicle,15.0,241.8261385
86,HCI-024,Vehicle,18.0,213.75
86,HCI-024,Vehicle,22.0,231.5178315
87,HCI-024,Vehicle,1.0,292.7825
87,HCI-024,Vehicle,4.0,309.0528
87,HCI-024,Vehicle,8.0,302.501888
87,HCI-024,Vehicle,11.0,313.1880345
87,HCI-024,Vehicle,15.0,290.37135
87,HCI-024,Vehicle,18.0,339.575
87,HCI-024,Vehicle,22.0,291.6478125
88,HCI-024,Vehicle,1.0,138.915
88,HCI-024,Vehicle,4.0,133.2626985
88,HCI-024,Vehicle,8.0,143.7366375
88,HCI-024,Vehicle,11.0,156.797046
88,HCI-024,Vehicle,15.0,146.477916
88,HCI-024,Vehicle,18.0,175.0965625
88,HCI-024,Vehicle,22.0,152.7694055
89,HCI-024,Vehicle,1.0,246.5195
89,HCI-024,Vehicle,4.0,275.150831
89,HCI-024,Vehicle,8.0,277.017336
89,HCI-024,Vehicle,11.0,275.9854875
89,HCI-024,Vehicle,15.0,218.059355
89,HCI-024,Vehicle,18.0,272.109398
89,HCI-024,Vehicle,22.0,405.948103
90,HCI-001,Docetaxel,1.0,145.408
90,HCI-001,Docetaxel,4.0,303.116
90,HCI-001,Docetaxel,8.0,436.7745
90,HCI-001,Docetaxel,11.0,367.0965
90,HCI-001,Docetaxel,15.0,314.2875
90,HCI-001,Docetaxel,18.0,364.366
90,HCI-001,Docetaxel,22.0,356.445
91,HCI-001,Docetaxel,1.0,145.408
91,HCI-001,Docetaxel,4.0,99.144
91,HCI-001,Docetaxel,8.0,157.216
91,HCI-001,Docetaxel,11.0,141.312
91,HCI-001,Docetaxel,15.0,145.926
91,HCI-001,Docetaxel,18.0,96.8
91,HCI-001,Docetaxel,22.0,111.328
92,HCI-001,Docetaxel,1.0,154.2125
92,HCI-001,Docetaxel,4.0,186.2
92,HCI-001,Docetaxel,8.0,166.635
92,HCI-001,Docetaxel,11.0,161.792
92,HCI-001,Docetaxel,15.0,169.0155
92,HCI-001,Docetaxel,18.0,152.46
92,HCI-001,Docetaxel,22.0,166.464
93,HCI-001,Vehicle,1.0,158.76
93,HCI-001,Vehicle,4.0,277.7245
93,HCI-001,Vehicle,8.0,346.8
93,HCI-001,Vehicle,11.0,374.6655
93,HCI-001,Vehicle,15.0,442.368
93,HCI-001,Vehicle,18.0,535.0
93,HCI-001,Vehicle,22.0,806.725
94,HCI-001,Vehicle,1.0,93.288
94,HCI-001,Vehicle,4.0,229.992
94,HCI-001,Vehicle,8.0,336.518
94,HCI-001,Vehicle,11.0,380.208
94,HCI-001,Vehicle,15.0,419.4765
94,HCI-001,Vehicle,18.0,584.325
94,HCI-001,Vehicle,22.0,792.756
95,HCI-001,Vehicle,1.0,125.316
95,HCI-001,Vehicle,4.0,261.612
95,HCI-001,Vehicle,8.0,285.4035
95,HCI-001,Vehicle,11.0,342.216
95,HCI-001,Vehicle,15.0,461.041
95,HCI-001,Vehicle,18.0,415.152
95,HCI-001,Vehicle,22.0,586.5575
96,HCI-001,Vehicle,1.0,85.6745
96,HCI-001,Vehicle,4.0,136.462
96,HCI-001,Vehicle,8.0,274.604
96,HCI-001,Vehicle,11.0,258.75
96,HCI-001,Vehicle,15.0,366.102
96,HCI-001,Vehicle,18.0,470.596
96,HCI-001,Vehicle,22.0,668.542
97,HCI-001,Vehicle,1.0,118.8
97,HCI-001,Vehicle,4.0,183.2985
97,HCI-001,Vehicle,8.0,282.906
97,HCI-001,Vehicle,11.0,274.36
97,HCI-001,Vehicle,15.0,328.104
97,HCI-001,Vehicle,18.0,489.804
97,HCI-001,Vehicle,22.0,560.0
98,HCI-001,Vehicle,1.0,166.464
98,HCI-001,Vehicle,4.0,216.5625
98,HCI-001,Vehicle,8.0,371.712
98,HCI-001,Vehicle,11.0,392.0895
98,HCI-001,Vehicle,15.0,587.826
98,HCI-001,Vehicle,18.0,708.736
98,HCI-001,Vehicle,22.0,770.0625
99,HCI-027,Birinapant,1.0,93.775
99,HCI-027,Birinapant,4.0,36.0
99,HCI-027,Birinapant,8.0,4.0
99,HCI-027,Birinapant,12.0,0.5
99,HCI-027,Birinapant,15.0,0.0
99,HCI-027,Birinapant,19.0,0.0
99,HCI-027,Birinapant,22.0,0.0
99,HCI-027,Birinapant,26.0,0.0
99,HCI-027,Birinapant,29.0,0.0
99,HCI-027,Birinapant,32.0,0.0
100,HCI-027,Birinapant,1.0,79.768
100,HCI-027,Birinapant,4.0,35.301
100,HCI-027,Birinapant,8.0,0.5
100,HCI-027,Birinapant,12.0,0.0
100,HCI-027,Birinapant,15.0,0.0
100,HCI-027,Birinapant,19.0,0.0
100,HCI-027,Birinapant,22.0,0.0
100,HCI-027,Birinapant,26.0,0.0
100,HCI-027,Birinapant,29.0,0.0
100,HCI-027,Birinapant,32.0,0.0
101,HCI-027,Birinapant,1.0,82.8655
101,HCI-027,Birinapant,4.0,41.1845
101,HCI-027,Birinapant,8.0,13.5
101,HCI-027,Birinapant,12.0,0.5
101,HCI-027,Birinapant,15.0,0.0
101,HCI-027,Birinapant,19.0,0.0
101,HCI-027,Birinapant,22.0,0.0
101,HCI-027,Birinapant,26.0,0.0
101,HCI-027,Birinapant,29.0,0.0
101,HCI-027,Birinapant,32.0,0.0
102,HCI-027,Birinapant,1.0,67.626
102,HCI-027,Birinapant,4.0,44.528
102,HCI-027,Birinapant,8.0,0.5
102,HCI-027,Birinapant,12.0,0.0
102,HCI-027,Birinapant,15.0,0.0
102,HCI-027,Birinapant,19.0,0.0
102,HCI-027,Birinapant,22.0,0.0
102,HCI-027,Birinapant,26.0,0.0
102,HCI-027,Birinapant,29.0,0.0
102,HCI-027,Birinapant,32.0,0.0
103,HCI-027,Birinapant,1.0,124.93
103,HCI-027,Birinapant,4.0,29.4335
103,HCI-027,Birinapant,8.0,4.0
103,HCI-027,Birinapant,12.0,0.0
103,HCI-027,Birinapant,15.0,0.0
103,HCI-027,Birinapant,19.0,0.0
103,HCI-027,Birinapant,22.0,0.0
103,HCI-027,Birinapant,26.0,0.0
103,HCI-027,Birinapant,29.0,0.0
103,HCI-027,Birinapant,32.0,0.0
104,HCI-015,Birinapant,1.0,88.434
104,HCI-015,Birinapant,3.0,61.852
104,HCI-015,Birinapant,5.0,36.8
104,HCI-015,Birinapant,8.0,13.5
104,HCI-015,Birinapant,10.0,6.0
104,HCI-015,Birinapant,12.0,6.0
104,HCI-015,Birinapant,15.0,0.5
104,HCI-015,Birinapant,17.0,1.0
104,HCI-015,Birinapant,19.0,4.0
104,HCI-015,Birinapant,22.0,4.0
104,HCI-015,Birinapant,24.0,0.5
104,HCI-015,Birinapant,26.0,4.0
104,HCI-015,Birinapant,29.0,4.0
104,HCI-015,Birinapant,31.0,6.0
104,HCI-015,Birinapant,33.0,4.0
105,HCI-015,Birinapant,1.0,86.022
105,HCI-015,Birinapant,3.0,55.6875
105,HCI-015,Birinapant,5.0,48.668
105,HCI-015,Birinapant,8.0,42.527
105,HCI-015,Birinapant,10.0,36.8
105,HCI-015,Birinapant,12.0,34.983
105,HCI-015,Birinapant,15.0,49.6125
105,HCI-015,Birinapant,17.0,51.842
105,HCI-015,Birinapant,19.0,58.752
105,HCI-015,Birinapant,22.0,37.6
105,HCI-015,Birinapant,24.0,25.92
105,HCI-015,Birinapant,26.0,23.328
105,HCI-015,Birinapant,29.0,32.0
105,HCI-015,Birinapant,31.0,41.6025
105,HCI-015,Birinapant,33.0,41.454
106,HCI-015,Birinapant,1.0,124.2
106,HCI-015,Birinapant,3.0,104.43
106,HCI-015,Birinapant,5.0,44.0
106,HCI-015,Birinapant,8.0,85.6745
106,HCI-015,Birinapant,10.0,66.816
106,HCI-015,Birinapant,12.0,49.923
106,HCI-015,Birinapant,15.0,63.6265
106,HCI-015,Birinapant,17.0,58.19
106,HCI-015,Birinapant,19.0,60.306
106,HCI-015,Birinapant,22.0,50.625
106,HCI-015,Birinapant,24.0,41.6025
106,HCI-015,Birinapant,26.0,65.0
106,HCI-015,Birinapant,29.0,66.25
106,HCI-015,Birinapant,31.0,75.712
106,HCI-015,Birinapant,33.0,50.274
107,HCI-015,Birinapant,1.0,87.48
107,HCI-015,Birinapant,3.0,77.2475
107,HCI-015,Birinapant,5.0,37.8225
107,HCI-015,Birinapant,8.0,24.624
107,HCI-015,Birinapant,10.0,6.0
107,HCI-015,Birinapant,12.0,0.5
107,HCI-015,Birinapant,15.0,0.5
107,HCI-015,Birinapant,17.0,0.5
107,HCI-015,Birinapant,19.0,0.5
107,HCI-015,Birinapant,22.0,4.0
107,HCI-015,Birinapant,24.0,13.5
107,HCI-015,Birinapant,26.0,13.5
107,HCI-015,Birinapant,29.0,18.513
107,HCI-015,Birinapant,31.0,32.0
107,HCI-015,Birinapant,33.0,109.6515
108,HCI-015,Birinapant,1.0,104.284
108,HCI-015,Birinapant,3.0,84.564
108,HCI-015,Birinapant,5.0,40.572
108,HCI-015,Birinapant,8.0,14.8955
108,HCI-015,Birinapant,10.0,6.0
108,HCI-015,Birinapant,12.0,0.5
108,HCI-015,Birinapant,15.0,0.5
108,HCI-015,Birinapant,17.0,0.5
108,HCI-015,Birinapant,19.0,0.5
108,HCI-015,Birinapant,22.0,0.0
108,HCI-015,Birinapant,24.0,0.0
108,HCI-015,Birinapant,26.0,0.0
108,HCI-015,Birinapant,29.0,0.0
108,HCI-015,Birinapant,31.0,0.5
108,HCI-015,Birinapant,33.0,4.0
109,HCI-001,Birinapant,1.0,71.656
109,HCI-001,Birinapant,4.0,90.75
109,HCI-001,Birinapant,8.0,231.04
109,HCI-001,Birinapant,11.0,261.612
109,HCI-001,Birinapant,15.0,322.752
109,HCI-001,Birinapant,18.0,400.9875
109,HCI-001,Birinapant,22.0,625.931
109,HCI-001,Birinapant,25.0,1015.2
109,HCI-001,Birinapant,29.0,1590.48
109,HCI-001,Birinapant,32.0,2194.8085
109,HCI-001,Birinapant,36.0,2409.026
110,HCI-001,Birinapant,1.0,97.47
110,HCI-001,Birinapant,4.0,148.104
110,HCI-001,Birinapant,8.0,217.728
110,HCI-001,Birinapant,11.0,372.287
110,HCI-001,Birinapant,15.0,455.054
110,HCI-001,Birinapant,18.0,934.626
110,HCI-001,Birinapant,22.0,1006.1415
110,HCI-001,Birinapant,25.0,1335.1
110,HCI-001,Birinapant,29.0,1749.528
110,HCI-001,Birinapant,32.0,1783.055
110,HCI-001,Birinapant,36.0,2228.122
111,HCI-001,Birinapant,1.0,96.8
111,HCI-001,Birinapant,4.0,195.201
111,HCI-001,Birinapant,8.0,227.254
111,HCI-001,Birinapant,11.0,324.7695
111,HCI-001,Birinapant,15.0,449.748
111,HCI-001,Birinapant,18.0,523.45
111,HCI-001,Birinapant,22.0,752.812
111,HCI-001,Birinapant,25.0,1063.692
111,HCI-001,Birinapant,29.0,1048.385
111,HCI-001,Birinapant,32.0,1487.717
111,HCI-001,Birinapant,36.0,1324.224
112,HCI-001,Birinapant,1.0,90.944
112,HCI-001,Birinapant,4.0,178.5375
112,HCI-001,Birinapant,8.0,352.8
112,HCI-001,Birinapant,11.0,485.002
112,HCI-001,Birinapant,15.0,650.475
112,HCI-001,Birinapant,18.0,634.834
112,HCI-001,Birinapant,22.0,616.512
112,HCI-001,Birinapant,25.0,983.213
112,HCI-001,Birinapant,29.0,1968.219
112,HCI-001,Birinapant,32.0,2485.309
112,HCI-001,Birinapant,36.0,1986.336
113,HCI-001,Birinapant,1.0,102.602
113,HCI-001,Birinapant,4.0,124.93
113,HCI-001,Birinapant,8.0,221.778
113,HCI-001,Birinapant,11.0,242.592
113,HCI-001,Birinapant,15.0,496.375
113,HCI-001,Birinapant,18.0,496.375
113,HCI-001,Birinapant,22.0,594.88
113,HCI-001,Birinapant,25.0,714.618
113,HCI-001,Birinapant,29.0,831.744
113,HCI-001,Birinapant,32.0,1023.414
113,HCI-001,Birinapant,36.0,1059.174
114,HCI-002,Birinapant,1.0,144.0
114,HCI-002,Birinapant,3.0,276.0
114,HCI-002,Birinapant,5.0,402.0
114,HCI-002,Birinapant,8.0,368.0
114,HCI-002,Birinapant,10.0,915.0
114,HCI-002,Birinapant,12.0,853.0
114,HCI-002,Birinapant,15.0,1068.0
114,HCI-002,Birinapant,17.0,1573.0
114,HCI-002,Birinapant,19.0,1748.0
114,HCI-002,Birinapant,22.0,3079.0
114,HCI-002,Birinapant,24.0,4126.0
114,HCI-002,Birinapant,26.0,5233.0
115,HCI-002,Birinapant,1.0,157.0
115,HCI-002,Birinapant,3.0,250.0
115,HCI-002,Birinapant,5.0,187.0
115,HCI-002,Birinapant,8.0,307.0
115,HCI-002,Birinapant,10.0,374.0
115,HCI-002,Birinapant,12.0,557.0
115,HCI-002,Birinapant,15.0,535.0
115,HCI-002,Birinapant,17.0,1139.0
115,HCI-002,Birinapant,19.0,1473.0
115,HCI-002,Birinapant,22.0,2776.0
115,HCI-002,Birinapant,24.0,3938.0
116,HCI-002,Birinapant,1.0,172.0
116,HCI-002,Birinapant,3.0,217.0
116,HCI-002,Birinapant,5.0,394.0
116,HCI-002,Birinapant,8.0,415.0
116,HCI-002,Birinapant,10.0,789.0
116,HCI-002,Birinapant,12.0,1098.0
116,HCI-002,Birinapant,15.0,1388.0
116,HCI-002,Birinapant,17.0,1693.0
116,HCI-002,Birinapant,19.0,2044.0
116,HCI-002,Birinapant,22.0,2391.0
116,HCI-002,Birinapant,24.0,3425.0
116,HCI-002,Birinapant,26.0,3047.0
116,HCI-002,Birinapant,29.0,4182.0
117,HCI-002,Birinapant,1.0,155.0
117,HCI-002,Birinapant,3.0,166.0
117,HCI-002,Birinapant,5.0,163.0
117,HCI-002,Birinapant,8.0,249.0
117,HCI-002,Birinapant,10.0,465.0
117,HCI-002,Birinapant,12.0,734.0
117,HCI-002,Birinapant,15.0,871.0
117,HCI-002,Birinapant,17.0,1229.0
117,HCI-002,Birinapant,19.0,1207.0
117,HCI-002,Birinapant,22.0,1682.0
117,HCI-002,Birinapant,24.0,2058.0
117,HCI-002,Birinapant,26.0,1636.0
117,HCI-002,Birinapant,29.0,1938.0
117,HCI-002,Birinapant,31.0,3677.0
117,HCI-002,Birinapant,33.0,3199.0
118,HCI-002,Birinapant,1.0,176.0
118,HCI-002,Birinapant,3.0,409.0
118,HCI-002,Birinapant,5.0,457.0
118,HCI-002,Birinapant,8.0,655.0
118,HCI-002,Birinapant,10.0,1207.0
118,HCI-002,Birinapant,12.0,1207.0
118,HCI-002,Birinapant,15.0,1411.0
118,HCI-002,Birinapant,17.0,1653.0
118,HCI-002,Birinapant,19.0,1666.0
118,HCI-002,Birinapant,22.0,2833.0
119,HCI-019,Birinapant,1.0,98.784
119,HCI-019,Birinapant,4.0,275.562
119,HCI-019,Birinapant,8.0,349.7
119,HCI-019,Birinapant,11.0,349.648
119,HCI-019,Birinapant,15.0,655.9875
119,HCI-019,Birinapant,18.0,798.6
119,HCI-019,Birinapant,22.0,959.616
119,HCI-019,Birinapant,25.0,1254.204
119,HCI-019,Birinapant,29.0,1572.16
119,HCI-019,Birinapant,32.0,1780.7755
120,HCI-019,Birinapant,1.0,78.732
120,HCI-019,Birinapant,4.0,154.8705
120,HCI-019,Birinapant,8.0,237.1405
120,HCI-019,Birinapant,11.0,253.125
120,HCI-019,Birinapant,15.0,356.372
120,HCI-019,Birinapant,18.0,478.325
120,HCI-019,Birinapant,22.0,503.3815
120,HCI-019,Birinapant,25.0,563.5575
120,HCI-019,Birinapant,29.0,1040.3205
120,HCI-019,Birinapant,32.0,998.3505
121,HCI-019,Birinapant,1.0,86.528
121,HCI-019,Birinapant,4.0,186.517
121,HCI-019,Birinapant,8.0,211.722
121,HCI-019,Birinapant,11.0,261.612
121,HCI-019,Birinapant,15.0,472.726
121,HCI-019,Birinapant,18.0,740.096
121,HCI-019,Birinapant,22.0,982.288
121,HCI-019,Birinapant,25.0,1347.1385
121,HCI-019,Birinapant,29.0,1555.3405
121,HCI-019,Birinapant,32.0,2168.496
122,HCI-019,Birinapant,1.0,94.221
122,HCI-019,Birinapant,4.0,183.75
122,HCI-019,Birinapant,8.0,268.8
122,HCI-019,Birinapant,11.0,321.5125
122,HCI-019,Birinapant,15.0,361.25
122,HCI-019,Birinapant,18.0,432.45
122,HCI-019,Birinapant,22.0,503.3815
122,HCI-019,Birinapant,25.0,664.042
122,HCI-019,Birinapant,29.0,786.8875
122,HCI-019,Birinapant,32.0,780.275
123,HCI-019,Birinapant,1.0,87.725
123,HCI-019,Birinapant,4.0,116.6135
123,HCI-019,Birinapant,8.0,134.946
123,HCI-019,Birinapant,11.0,154.638
123,HCI-019,Birinapant,15.0,188.0595
123,HCI-019,Birinapant,18.0,262.4
123,HCI-019,Birinapant,22.0,318.2085
123,HCI-019,Birinapant,25.0,418.7
123,HCI-019,Birinapant,29.0,491.8625
124,HCI-012,Birinapant,1.0,84.27
124,HCI-012,Birinapant,4.0,74.36
124,HCI-012,Birinapant,8.0,134.946
124,HCI-012,Birinapant,11.0,102.602
124,HCI-012,Birinapant,15.0,130.696
124,HCI-012,Birinapant,18.0,141.312
124,HCI-012,Birinapant,22.0,246.402
124,HCI-012,Birinapant,25.0,249.64
124,HCI-012,Birinapant,29.0,275.562
124,HCI-012,Birinapant,32.0,299.88
124,HCI-012,Birinapant,36.0,567.018
125,HCI-012,Birinapant,1.0,97.47
125,HCI-012,Birinapant,4.0,67.626
125,HCI-012,Birinapant,8.0,105.5925
125,HCI-012,Birinapant,11.0,80.19
125,HCI-012,Birinapant,15.0,94.221
125,HCI-012,Birinapant,18.0,135.8165
125,HCI-012,Birinapant,22.0,115.351
125,HCI-012,Birinapant,25.0,213.564
125,HCI-012,Birinapant,29.0,194.4
125,HCI-012,Birinapant,32.0,246.402
125,HCI-012,Birinapant,36.0,427.734
126,HCI-012,Birinapant,1.0,100.92
126,HCI-012,Birinapant,4.0,50.336
126,HCI-012,Birinapant,8.0,74.1285
126,HCI-012,Birinapant,11.0,67.5
126,HCI-012,Birinapant,15.0,73.008
126,HCI-012,Birinapant,18.0,171.088
126,HCI-012,Birinapant,22.0,81.461
126,HCI-012,Birinapant,25.0,141.312
126,HCI-012,Birinapant,29.0,196.0
126,HCI-012,Birinapant,32.0,204.1605
126,HCI-012,Birinapant,36.0,180.336
127,HCI-012,Birinapant,1.0,104.284
127,HCI-012,Birinapant,4.0,58.752
127,HCI-012,Birinapant,8.0,62.5
127,HCI-012,Birinapant,11.0,109.8
127,HCI-012,Birinapant,15.0,134.946
127,HCI-012,Birinapant,18.0,109.8
127,HCI-012,Birinapant,22.0,128.9925
127,HCI-012,Birinapant,25.0,111.392
127,HCI-012,Birinapant,29.0,121.835
127,HCI-012,Birinapant,32.0,143.65
127,HCI-012,Birinapant,36.0,143.748
128,HCI-012,Birinapant,1.0,84.7
128,HCI-012,Birinapant,4.0,18.0
128,HCI-012,Birinapant,8.0,64.061
128,HCI-012,Birinapant,11.0,76.7295
128,HCI-012,Birinapant,15.0,66.0275
128,HCI-012,Birinapant,18.0,71.5275
128,HCI-012,Birinapant,22.0,106.1705
128,HCI-012,Birinapant,25.0,99.238
128,HCI-012,Birinapant,29.0,68.75
128,HCI-012,Birinapant,32.0,108.0
128,HCI-012,Birinapant,36.0,124.93
129,HCI-023,Birinapant,1.0,127.0
129,HCI-023,Birinapant,3.0,67.0
129,HCI-023,Birinapant,5.0,36.0
129,HCI-023,Birinapant,8.0,21.0
129,HCI-023,Birinapant,10.0,24.0
129,HCI-023,Birinapant,12.0,15.0
129,HCI-023,Birinapant,15.0,31.046
129,HCI-023,Birinapant,17.0,9.8415
129,HCI-023,Birinapant,19.0,4.0
129,HCI-023,Birinapant,22.0,0.5
129,HCI-023,Birinapant,24.0,0.5
129,HCI-023,Birinapant,26.0,0.5
129,HCI-023,Birinapant,29.0,4.0
129,HCI-023,Birinapant,31.0,4.0
129,HCI-023,Birinapant,33.0,18.0
130,HCI-023,Birinapant,1.0,124.6535
130,HCI-023,Birinapant,3.0,87.808
130,HCI-023,Birinapant,5.0,62.5
130,HCI-023,Birinapant,8.0,29.602
130,HCI-023,Birinapant,10.0,13.5
130,HCI-023,Birinapant,12.0,0.5
130,HCI-023,Birinapant,15.0,0.5
130,HCI-023,Birinapant,17.0,0.5
130,HCI-023,Birinapant,19.0,0.5
130,HCI-023,Birinapant,22.0,6.0
130,HCI-023,Birinapant,24.0,6.0
130,HCI-023,Birinapant,26.0,6.0
130,HCI-023,Birinapant,29.0,6.0
130,HCI-023,Birinapant,31.0,6.0
130,HCI-023,Birinapant,33.0,28.749
131,HCI-023,Birinapant,1.0,138.384
131,HCI-023,Birinapant,3.0,165.528
131,HCI-023,Birinapant,5.0,56.14
131,HCI-023,Birinapant,8.0,93.775
131,HCI-023,Birinapant,10.0,62.208
131,HCI-023,Birinapant,12.0,61.056
131,HCI-023,Birinapant,15.0,24.5
131,HCI-023,Birinapant,17.0,13.5
131,HCI-023,Birinapant,19.0,18.0
131,HCI-023,Birinapant,22.0,0.5
131,HCI-023,Birinapant,24.0,0.0
131,HCI-023,Birinapant,26.0,0.0
131,HCI-023,Birinapant,29.0,0.5
131,HCI-023,Birinapant,31.0,0.5
131,HCI-023,Birinapant,33.0,0.5
132,HCI-023,Birinapant,1.0,171.0
132,HCI-023,Birinapant,3.0,89.0
132,HCI-023,Birinapant,5.0,66.0
132,HCI-023,Birinapant,8.0,24.0
132,HCI-023,Birinapant,10.0,24.0
132,HCI-023,Birinapant,12.0,19.0
132,HCI-023,Birinapant,15.0,13.5
132,HCI-023,Birinapant,17.0,0.5
132,HCI-023,Birinapant,19.0,0.5
132,HCI-023,Birinapant,22.0,0.5
132,HCI-023,Birinapant,24.0,0.5
132,HCI-023,Birinapant,26.0,0.0
132,HCI-023,Birinapant,29.0,0.0
132,HCI-023,Birinapant,31.0,0.0
132,HCI-023,Birinapant,33.0,0.0
133,HCI-023,Birinapant,1.0,127.008
133,HCI-023,Birinapant,3.0,96.8
133,HCI-023,Birinapant,5.0,52.65
133,HCI-023,Birinapant,8.0,39.69
133,HCI-023,Birinapant,10.0,65.0
133,HCI-023,Birinapant,12.0,74.36
133,HCI-023,Birinapant,15.0,34.2225
133,HCI-023,Birinapant,17.0,31.046
133,HCI-023,Birinapant,19.0,21.504
133,HCI-023,Birinapant,22.0,23.12
133,HCI-023,Birinapant,24.0,29.602
133,HCI-023,Birinapant,26.0,5.808
133,HCI-023,Birinapant,29.0,18.0
133,HCI-023,Birinapant,31.0,13.5
133,HCI-023,Birinapant,33.0,26.568
134,HCI-027,Vehicle,1.0,71.5275
134,HCI-027,Vehicle,4.0,186.2
134,HCI-027,Vehicle,8.0,244.6875
134,HCI-027,Vehicle,12.0,332.82
134,HCI-027,Vehicle,15.0,455.054
134,HCI-027,Vehicle,19.0,533.022
134,HCI-027,Vehicle,22.0,819.95
134,HCI-027,Vehicle,26.0,1007.128
134,HCI-027,Vehicle,29.0,1002.9085
134,HCI-027,Vehicle,32.0,1104.417
135,HCI-027,Vehicle,1.0,77.2475
135,HCI-027,Vehicle,4.0,133.12
135,HCI-027,Vehicle,8.0,143.748
135,HCI-027,Vehicle,12.0,183.9965
135,HCI-027,Vehicle,15.0,270.738
135,HCI-027,Vehicle,19.0,265.6
135,HCI-027,Vehicle,22.0,343.1875
135,HCI-027,Vehicle,26.0,556.9725
135,HCI-027,Vehicle,29.0,665.184
135,HCI-027,Vehicle,32.0,742.5625
136,HCI-027,Vehicle,1.0,94.08
136,HCI-027,Vehicle,4.0,169.0155
136,HCI-027,Vehicle,8.0,277.7245
136,HCI-027,Vehicle,12.0,310.4
136,HCI-027,Vehicle,15.0,530.0
136,HCI-027,Vehicle,19.0,631.2355
136,HCI-027,Vehicle,22.0,807.651
136,HCI-027,Vehicle,26.0,1031.25
136,HCI-027,Vehicle,29.0,1252.753
136,HCI-027,Vehicle,32.0,1468.396
137,HCI-027,Vehicle,1.0,75.429
137,HCI-027,Vehicle,4.0,139.264
137,HCI-027,Vehicle,8.0,143.65
137,HCI-027,Vehicle,12.0,197.173
137,HCI-027,Vehicle,15.0,208.088
137,HCI-027,Vehicle,19.0,243.682
137,HCI-027,Vehicle,22.0,261.5625
137,HCI-027,Vehicle,26.0,402.04
137,HCI-027,Vehicle,29.0,423.2
137,HCI-027,Vehicle,32.0,530.452
138,HCI-027,Vehicle,1.0,74.1285
138,HCI-027,Vehicle,4.0,154.638
138,HCI-027,Vehicle,8.0,186.2
138,HCI-027,Vehicle,12.0,295.856
138,HCI-027,Vehicle,15.0,316.894
138,HCI-027,Vehicle,19.0,446.7375
138,HCI-027,Vehicle,22.0,624.24
138,HCI-027,Vehicle,26.0,689.0625
138,HCI-027,Vehicle,29.0,841.0
138,HCI-027,Vehicle,32.0,918.984
139,HCI-015,Vehicle,1.0,74.1285
139,HCI-015,Vehicle,3.0,88.75
139,HCI-015,Vehicle,5.0,173.95
139,HCI-015,Vehicle,8.0,173.4
139,HCI-015,Vehicle,10.0,175.712
139,HCI-015,Vehicle,12.0,180.918
139,HCI-015,Vehicle,15.0,163.35
139,HCI-015,Vehicle,17.0,165.528
139,HCI-015,Vehicle,19.0,162.6625
139,HCI-015,Vehicle,22.0,188.65
139,HCI-015,Vehicle,24.0,216.302
139,HCI-015,Vehicle,26.0,246.42
139,HCI-015,Vehicle,29.0,273.78
139,HCI-015,Vehicle,31.0,333.036
139,HCI-015,Vehicle,33.0,561.816
140,HCI-015,Vehicle,1.0,54.208
140,HCI-015,Vehicle,3.0,129.6
140,HCI-015,Vehicle,5.0,138.6
140,HCI-015,Vehicle,8.0,128.3355
140,HCI-015,Vehicle,10.0,126.711
140,HCI-015,Vehicle,12.0,137.4995
140,HCI-015,Vehicle,15.0,132.878
140,HCI-015,Vehicle,17.0,134.56
140,HCI-015,Vehicle,19.0,142.956
140,HCI-015,Vehicle,22.0,144.5805
140,HCI-015,Vehicle,24.0,156.645
140,HCI-015,Vehicle,26.0,177.531
140,HCI-015,Vehicle,29.0,235.224
140,HCI-015,Vehicle,31.0,329.0625
140,HCI-015,Vehicle,33.0,374.166
141,HCI-015,Vehicle,1.0,128.3745
141,HCI-015,Vehicle,3.0,111.925
141,HCI-015,Vehicle,5.0,101.439
141,HCI-015,Vehicle,8.0,171.058
141,HCI-015,Vehicle,10.0,178.605
141,HCI-015,Vehicle,12.0,223.767
141,HCI-015,Vehicle,15.0,215.016
141,HCI-015,Vehicle,17.0,234.4065
141,HCI-015,Vehicle,19.0,254.634
141,HCI-015,Vehicle,22.0,280.845
141,HCI-015,Vehicle,24.0,316.894
141,HCI-015,Vehicle,26.0,437.4
141,HCI-015,Vehicle,29.0,520.704
141,HCI-015,Vehicle,31.0,707.868
141,HCI-015,Vehicle,33.0,845.64
142,HCI-015,Vehicle,1.0,70.0
142,HCI-015,Vehicle,3.0,78.416
142,HCI-015,Vehicle,5.0,104.3625
142,HCI-015,Vehicle,8.0,121.835
142,HCI-015,Vehicle,10.0,147.456
142,HCI-015,Vehicle,12.0,215.136
142,HCI-015,Vehicle,15.0,230.625
142,HCI-015,Vehicle,17.0,275.562
142,HCI-015,Vehicle,19.0,204.1605
142,HCI-015,Vehicle,22.0,277.7245
142,HCI-015,Vehicle,24.0,302.58
142,HCI-015,Vehicle,26.0,352.352
142,HCI-015,Vehicle,29.0,388.8
142,HCI-015,Vehicle,31.0,431.664
142,HCI-015,Vehicle,33.0,450.636
143,HCI-015,Vehicle,1.0,78.416
143,HCI-015,Vehicle,3.0,105.5925
143,HCI-015,Vehicle,5.0,132.9615
143,HCI-015,Vehicle,8.0,171.5
143,HCI-015,Vehicle,10.0,245.48
143,HCI-015,Vehicle,12.0,356.224
143,HCI-015,Vehicle,15.0,478.325
143,HCI-015,Vehicle,17.0,567.5815
143,HCI-015,Vehicle,19.0,653.184
143,HCI-015,Vehicle,22.0,691.014
143,HCI-015,Vehicle,24.0,758.43
143,HCI-015,Vehicle,26.0,1002.9085
143,HCI-015,Vehicle,29.0,1010.229
143,HCI-015,Vehicle,31.0,925.7525
143,HCI-015,Vehicle,33.0,1127.1105
144,HCI-001,Vehicle,1.0,90.75
144,HCI-001,Vehicle,4.0,225.504
144,HCI-001,Vehicle,8.0,247.5
144,HCI-001,Vehicle,11.0,335.9625
144,HCI-001,Vehicle,15.0,683.55
144,HCI-001,Vehicle,18.0,1129.03
144,HCI-001,Vehicle,22.0,1804.032
144,HCI-001,Vehicle,25.0,2366.848
144,HCI-001,Vehicle,29.0,2769.378
144,HCI-001,Vehicle,32.0,3590.752
145,HCI-001,Vehicle,1.0,92.5965
145,HCI-001,Vehicle,4.0,106.624
145,HCI-001,Vehicle,8.0,233.4375
145,HCI-001,Vehicle,11.0,348.48
145,HCI-001,Vehicle,15.0,441.8
145,HCI-001,Vehicle,18.0,768.35
145,HCI-001,Vehicle,22.0,831.744
145,HCI-001,Vehicle,25.0,1664.617
145,HCI-001,Vehicle,29.0,2913.084
145,HCI-001,Vehicle,32.0,3500.288
146,HCI-001,Vehicle,1.0,92.697
146,HCI-001,Vehicle,4.0,199.1195
146,HCI-001,Vehicle,8.0,410.8275
146,HCI-001,Vehicle,11.0,535.5525
146,HCI-001,Vehicle,15.0,606.375
146,HCI-001,Vehicle,18.0,708.4575
146,HCI-001,Vehicle,22.0,734.2175
146,HCI-001,Vehicle,25.0,928.8
146,HCI-001,Vehicle,29.0,1894.696
146,HCI-001,Vehicle,32.0,2563.496
147,HCI-001,Vehicle,1.0,86.2125
147,HCI-001,Vehicle,4.0,188.0595
147,HCI-001,Vehicle,8.0,310.005
147,HCI-001,Vehicle,11.0,388.129
147,HCI-001,Vehicle,15.0,504.21
147,HCI-001,Vehicle,18.0,827.904
147,HCI-001,Vehicle,22.0,915.008
147,HCI-001,Vehicle,25.0,1047.058
147,HCI-001,Vehicle,29.0,1459.9485
147,HCI-001,Vehicle,32.0,1622.016
148,HCI-001,Vehicle,1.0,100.719
148,HCI-001,Vehicle,4.0,246.402
148,HCI-001,Vehicle,8.0,385.0665
148,HCI-001,Vehicle,11.0,473.8125
148,HCI-001,Vehicle,15.0,721.28
148,HCI-001,Vehicle,18.0,951.3855
148,HCI-001,Vehicle,22.0,1156.25
148,HCI-001,Vehicle,25.0,1470.0
148,HCI-001,Vehicle,29.0,2756.25
148,HCI-001,Vehicle,32.0,3168.4
149,HCI-002,Vehicle,1.0,123.0
149,HCI-002,Vehicle,3.0,191.0
149,HCI-002,Vehicle,5.0,228.0
149,HCI-002,Vehicle,8.0,346.0
149,HCI-002,Vehicle,10.0,597.0
149,HCI-002,Vehicle,12.0,727.0
149,HCI-002,Vehicle,15.0,900.0
149,HCI-002,Vehicle,17.0,1008.0
149,HCI-002,Vehicle,19.0,1196.0
149,HCI-002,Vehicle,22.0,1654.0
149,HCI-002,Vehicle,24.0,1766.0
149,HCI-002,Vehicle,26.0,1791.0
149,HCI-002,Vehicle,29.0,2353.0
149,HCI-002,Vehicle,31.0,2518.0
149,HCI-002,Vehicle,33.0,2884.0
150,HCI-002,Vehicle,1.0,167.0
150,HCI-002,Vehicle,3.0,242.0
150,HCI-002,Vehicle,5.0,257.0
150,HCI-002,Vehicle,8.0,467.0
150,HCI-002,Vehicle,10.0,768.0
150,HCI-002,Vehicle,12.0,888.0
150,HCI-002,Vehicle,15.0,893.0
150,HCI-002,Vehicle,17.0,999.0
150,HCI-002,Vehicle,19.0,1079.0
150,HCI-002,Vehicle,22.0,1352.0
150,HCI-002,Vehicle,24.0,1489.0
150,HCI-002,Vehicle,26.0,1409.0
150,HCI-002,Vehicle,29.0,1846.0
150,HCI-002,Vehicle,31.0,2264.0
150,HCI-002,Vehicle,33.0,2780.0
151,HCI-002,Vehicle,1.0,167.0
151,HCI-002,Vehicle,3.0,356.0
151,HCI-002,Vehicle,5.0,567.0
151,HCI-002,Vehicle,8.0,576.0
151,HCI-002,Vehicle,10.0,603.0
151,HCI-002,Vehicle,12.0,612.0
151,HCI-002,Vehicle,15.0,658.0
151,HCI-002,Vehicle,17.0,546.0
151,HCI-002,Vehicle,19.0,779.0
151,HCI-002,Vehicle,22.0,779.0
151,HCI-002,Vehicle,24.0,768.0
151,HCI-002,Vehicle,26.0,1223.0
151,HCI-002,Vehicle,29.0,1928.0
151,HCI-002,Vehicle,31.0,1551.0
151,HCI-002,Vehicle,33.0,2145.0
152,HCI-002,Vehicle,1.0,148.0
152,HCI-002,Vehicle,3.0,286.0
152,HCI-002,Vehicle,5.0,406.0
152,HCI-002,Vehicle,8.0,400.0
152,HCI-002,Vehicle,10.0,505.0
152,HCI-002,Vehicle,12.0,630.0
152,HCI-002,Vehicle,15.0,636.0
152,HCI-002,Vehicle,17.0,770.0
152,HCI-002,Vehicle,19.0,619.0
152,HCI-002,Vehicle,22.0,760.0
152,HCI-002,Vehicle,24.0,1032.0
152,HCI-002,Vehicle,26.0,1258.0
152,HCI-002,Vehicle,29.0,1441.0
152,HCI-002,Vehicle,31.0,1664.0
152,HCI-002,Vehicle,33.0,1600.0
153,HCI-002,Vehicle,1.0,155.0
153,HCI-002,Vehicle,3.0,189.0
153,HCI-002,Vehicle,5.0,284.0
153,HCI-002,Vehicle,8.0,451.0
153,HCI-002,Vehicle,10.0,687.0
153,HCI-002,Vehicle,12.0,881.0
153,HCI-002,Vehicle,15.0,904.0
153,HCI-002,Vehicle,17.0,1045.0
153,HCI-002,Vehicle,19.0,1551.0
153,HCI-002,Vehicle,22.0,1730.0
153,HCI-002,Vehicle,24.0,1761.0
153,HCI-002,Vehicle,26.0,1715.0
153,HCI-002,Vehicle,29.0,2080.0
154,HCI-019,Vehicle,1.0,94.77
154,HCI-019,Vehicle,4.0,130.977
154,HCI-019,Vehicle,8.0,161.604
154,HCI-019,Vehicle,11.0,159.3595
154,HCI-019,Vehicle,15.0,259.2
154,HCI-019,Vehicle,18.0,196.599
154,HCI-019,Vehicle,22.0,238.206
154,HCI-019,Vehicle,25.0,611.8875
154,HCI-019,Vehicle,29.0,698.389
154,HCI-019,Vehicle,32.0,912.87
155,HCI-019,Vehicle,1.0,73.008
155,HCI-019,Vehicle,4.0,113.4
155,HCI-019,Vehicle,8.0,87.725
155,HCI-019,Vehicle,11.0,114.376
155,HCI-019,Vehicle,15.0,161.172
155,HCI-019,Vehicle,18.0,171.088
155,HCI-019,Vehicle,22.0,317.52
155,HCI-019,Vehicle,25.0,633.9375
155,HCI-019,Vehicle,29.0,639.45
155,HCI-019,Vehicle,32.0,826.5625
156,HCI-019,Vehicle,1.0,114.873
156,HCI-019,Vehicle,4.0,137.3125
156,HCI-019,Vehicle,8.0,181.476
156,HCI-019,Vehicle,11.0,191.808
156,HCI-019,Vehicle,15.0,275.684
156,HCI-019,Vehicle,18.0,299.218
156,HCI-019,Vehicle,22.0,326.114
156,HCI-019,Vehicle,25.0,551.412
156,HCI-019,Vehicle,29.0,877.982
156,HCI-019,Vehicle,32.0,1313.83
157,HCI-019,Vehicle,1.0,94.08
157,HCI-019,Vehicle,4.0,112.0905
157,HCI-019,Vehicle,8.0,136.462
157,HCI-019,Vehicle,11.0,130.696
157,HCI-019,Vehicle,15.0,156.325
157,HCI-019,Vehicle,18.0,168.776
157,HCI-019,Vehicle,22.0,210.826
157,HCI-019,Vehicle,25.0,499.408
157,HCI-019,Vehicle,29.0,509.012
157,HCI-019,Vehicle,32.0,380.7
158,HCI-019,Vehicle,1.0,91.854
158,HCI-019,Vehicle,4.0,117.2115
158,HCI-019,Vehicle,8.0,173.4
158,HCI-019,Vehicle,11.0,199.8375
158,HCI-019,Vehicle,15.0,310.005
158,HCI-019,Vehicle,18.0,534.1545
158,HCI-019,Vehicle,22.0,530.452
158,HCI-019,Vehicle,25.0,703.04
158,HCI-019,Vehicle,29.0,1187.5
159,HCI-012,Vehicle,1.0,73.008
159,HCI-012,Vehicle,4.0,84.564
159,HCI-012,Vehicle,8.0,141.5375
159,HCI-012,Vehicle,11.0,148.104
159,HCI-012,Vehicle,15.0,161.604
159,HCI-012,Vehicle,18.0,213.75
159,HCI-012,Vehicle,22.0,384.75
159,HCI-012,Vehicle,25.0,428.546
159,HCI-012,Vehicle,29.0,580.0
159,HCI-012,Vehicle,32.0,668.367
160,HCI-012,Vehicle,1.0,111.6
160,HCI-012,Vehicle,4.0,154.8705
160,HCI-012,Vehicle,8.0,340.216
160,HCI-012,Vehicle,11.0,391.072
160,HCI-012,Vehicle,15.0,508.086
160,HCI-012,Vehicle,18.0,576.24
160,HCI-012,Vehicle,22.0,755.634
160,HCI-012,Vehicle,25.0,910.3185
160,HCI-012,Vehicle,29.0,1036.8
160,HCI-012,Vehicle,32.0,1068.793
161,HCI-012,Vehicle,1.0,78.75
161,HCI-012,Vehicle,4.0,161.84
161,HCI-012,Vehicle,8.0,196.52
161,HCI-012,Vehicle,11.0,254.947
161,HCI-012,Vehicle,15.0,296.4475
161,HCI-012,Vehicle,18.0,583.495
161,HCI-012,Vehicle,22.0,695.75
161,HCI-012,Vehicle,25.0,752.64
161,HCI-012,Vehicle,29.0,854.456
161,HCI-012,Vehicle,32.0,896.896
162,HCI-012,Vehicle,1.0,113.4
162,HCI-012,Vehicle,4.0,299.88
162,HCI-012,Vehicle,8.0,351.9585
162,HCI-012,Vehicle,11.0,403.971
162,HCI-012,Vehicle,15.0,460.8
162,HCI-012,Vehicle,18.0,594.104
162,HCI-012,Vehicle,22.0,685.9
162,HCI-012,Vehicle,25.0,1227.93
162,HCI-012,Vehicle,29.0,1622.016
162,HCI-012,Vehicle,32.0,1930.6125
163,HCI-012,Vehicle,1.0,126.852
163,HCI-012,Vehicle,4.0,187.308
163,HCI-012,Vehicle,8.0,443.576
163,HCI-012,Vehicle,11.0,864.234
163,HCI-012,Vehicle,15.0,1032.1905
163,HCI-012,Vehicle,18.0,1277.952
163,HCI-012,Vehicle,22.0,2409.264
164,HCI-023,Vehicle,1.0,148.104
164,HCI-023,Vehicle,3.0,181.8045
164,HCI-023,Vehicle,5.0,240.125
164,HCI-023,Vehicle,8.0,259.0015
164,HCI-023,Vehicle,10.0,268.363
164,HCI-023,Vehicle,12.0,274.604
164,HCI-023,Vehicle,15.0,274.604
164,HCI-023,Vehicle,17.0,352.4845
164,HCI-023,Vehicle,19.0,431.664
164,HCI-023,Vehicle,22.0,418.176
164,HCI-023,Vehicle,24.0,451.3145
164,HCI-023,Vehicle,26.0,396.9
164,HCI-023,Vehicle,29.0,418.176
164,HCI-023,Vehicle,31.0,451.3145
164,HCI-023,Vehicle,33.0,396.9
165,HCI-023,Vehicle,1.0,117.74
165,HCI-023,Vehicle,3.0,149.504
165,HCI-023,Vehicle,5.0,189.584
165,HCI-023,Vehicle,8.0,189.584
165,HCI-023,Vehicle,10.0,215.6
165,HCI-023,Vehicle,12.0,299.568
165,HCI-023,Vehicle,15.0,315.1705
165,HCI-023,Vehicle,17.0,358.4
165,HCI-023,Vehicle,19.0,326.4
165,HCI-023,Vehicle,22.0,315.1705
165,HCI-023,Vehicle,24.0,358.4
165,HCI-023,Vehicle,26.0,326.4
165,HCI-023,Vehicle,29.0,364.8625
165,HCI-023,Vehicle,31.0,375.7
165,HCI-023,Vehicle,33.0,359.856
166,HCI-023,Vehicle,1.0,136.462
166,HCI-023,Vehicle,3.0,229.992
166,HCI-023,Vehicle,5.0,279.864
166,HCI-023,Vehicle,8.0,352.4845
166,HCI-023,Vehicle,10.0,348.48
166,HCI-023,Vehicle,12.0,325.125
166,HCI-023,Vehicle,15.0,280.845
166,HCI-023,Vehicle,17.0,169.136
166,HCI-023,Vehicle,19.0,246.0535
166,HCI-023,Vehicle,22.0,259.92
166,HCI-023,Vehicle,24.0,391.072
166,HCI-023,Vehicle,26.0,287.086
166,HCI-023,Vehicle,29.0,259.92
166,HCI-023,Vehicle,31.0,391.072
166,HCI-023,Vehicle,33.0,287.086
167,HCI-023,Vehicle,1.0,160.55
167,HCI-023,Vehicle,3.0,184.96
167,HCI-023,Vehicle,5.0,233.4375
167,HCI-023,Vehicle,8.0,305.942
167,HCI-023,Vehicle,10.0,343.1875
167,HCI-023,Vehicle,12.0,329.2515
167,HCI-023,Vehicle,15.0,343.914
167,HCI-023,Vehicle,17.0,456.3365
167,HCI-023,Vehicle,19.0,405.769
167,HCI-023,Vehicle,22.0,573.248
167,HCI-023,Vehicle,24.0,529.254
167,HCI-023,Vehicle,26.0,587.826
167,HCI-023,Vehicle,29.0,784.0
167,HCI-023,Vehicle,31.0,809.088
167,HCI-023,Vehicle,33.0,827.904
168,HCI-023,Vehicle,1.0,111.012
168,HCI-023,Vehicle,3.0,128.774
168,HCI-023,Vehicle,5.0,124.2
168,HCI-023,Vehicle,8.0,126.0
168,HCI-023,Vehicle,10.0,132.9615
168,HCI-023,Vehicle,12.0,130.696
168,HCI-023,Vehicle,15.0,138.384
168,HCI-023,Vehicle,17.0,118.8
168,HCI-023,Vehicle,19.0,161.604
168,HCI-023,Vehicle,22.0,154.8705
168,HCI-023,Vehicle,24.0,151.552
168,HCI-023,Vehicle,26.0,231.231
168,HCI-023,Vehicle,29.0,370.881
168,HCI-023,Vehicle,31.0,377.196
168,HCI-023,Vehicle,33.0,576.3565
169,HCI-015,RO4929097,1.0,81.3418704872447
169,HCI-015,RO4929097,4.0,87.6640814463547
169,HCI-015,RO4929097,8.0,73.3740332919674
169,HCI-015,RO4929097,11.0,64.1569682716296
169,HCI-015,RO4929097,15.0,92.4960176853266
169,HCI-015,RO4929097,18.0,112.543237213974
169,HCI-015,RO4929097,22.0,107.912020632881
170,HCI-015,RO4929097,1.0,118.225253282545
170,HCI-015,RO4929097,4.0,94.8496618927772
170,HCI-015,RO4929097,8.0,112.183041663535
170,HCI-015,RO4929097,11.0,102.284537987341
170,HCI-015,RO4929097,15.0,92.3117955335752
170,HCI-015,RO4929097,18.0,107.42763552243
170,HCI-015,RO4929097,22.0,103.93428860004
171,HCI-015,RO4929097,1.0,81.7886779448507
171,HCI-015,RO4929097,4.0,84.8672958937707
171,HCI-015,RO4929097,8.0,78.8415817808875
171,HCI-015,RO4929097,11.0,94.1178141904215
171,HCI-015,RO4929097,15.0,109.21715667315
171,HCI-015,RO4929097,18.0,109.132836086278
171,HCI-015,RO4929097,22.0,129.72309852494
172,HCI-015,RO4929097,1.0,100.598126249915
172,HCI-015,RO4929097,4.0,117.658838905519
172,HCI-015,RO4929097,8.0,104.82882004337
172,HCI-015,RO4929097,11.0,145.722471619707
172,HCI-015,RO4929097,15.0,143.276258072321
172,HCI-015,RO4929097,18.0,141.943167924449
172,HCI-015,RO4929097,22.0,146.211897634808
173,HCI-015,RO4929097,1.0,118.046072035444
173,HCI-015,RO4929097,4.0,74.8326877920288
173,HCI-015,RO4929097,8.0,78.0661989929189
173,HCI-015,RO4929097,11.0,105.284334518099
173,HCI-015,RO4929097,15.0,104.82882004337
173,HCI-015,RO4929097,18.0,140.778718950319
173,HCI-015,RO4929097,22.0,157.184572265493
174,HCI-015,Vehicle,1.0,55.0726404551458
174,HCI-015,Vehicle,4.0,83.8159097836025
174,HCI-015,Vehicle,8.0,156.212536828203
174,HCI-015,Vehicle,11.0,222.499238037184
174,HCI-015,Vehicle,15.0,301.175962613024
174,HCI-015,Vehicle,18.0,326.538148938332
174,HCI-015,Vehicle,22.0,334.857258965762
175,HCI-015,Vehicle,1.0,132.780656303972
175,HCI-015,Vehicle,4.0,178.514680483592
175,HCI-015,Vehicle,8.0,246.4614446815
175,HCI-015,Vehicle,11.0,308.848928172305
175,HCI-015,Vehicle,15.0,632.290460225541
175,HCI-015,Vehicle,18.0,668.459311185614
175,HCI-015,Vehicle,22.0,687.046632124352
176,HCI-015,Vehicle,1.0,98.766636188154
176,HCI-015,Vehicle,4.0,98.766636188154
176,HCI-015,Vehicle,8.0,226.467540384029
176,HCI-015,Vehicle,11.0,357.57238646754
176,HCI-015,Vehicle,15.0,429.950218429341
176,HCI-015,Vehicle,18.0,507.823834196891
176,HCI-015,Vehicle,22.0,522.759829320329
177,HCI-015,Vehicle,1.0,113.380067052728
177,HCI-015,Vehicle,4.0,126.181042365133
177,HCI-015,Vehicle,8.0,159.621050492736
177,HCI-015,Vehicle,11.0,166.874428527888
177,HCI-015,Vehicle,15.0,237.931016966372
177,HCI-015,Vehicle,18.0,273.291679366047
177,HCI-015,Vehicle,22.0,372.764401097226
178,HCI-027,RO4929097,1.0,118.850086137579
178,HCI-027,RO4929097,4.0,40.9079985763724
178,HCI-027,RO4929097,8.0,31.6163952411903
178,HCI-027,RO4929097,12.0,33.9297900149359
178,HCI-027,RO4929097,15.0,47.7259983391012
178,HCI-027,RO4929097,19.0,79.5122351865165
178,HCI-027,RO4929097,22.0,124.1111200116
179,HCI-027,RO4929097,1.0,75.1647970570252
179,HCI-027,RO4929097,4.0,37.7854479711786
179,HCI-027,RO4929097,8.0,49.2794152987235
179,HCI-027,RO4929097,12.0,49.6834862245783
179,HCI-027,RO4929097,15.0,74.0286327598602
179,HCI-027,RO4929097,19.0,110.858404827355
179,HCI-027,RO4929097,22.0,180.512728994649
180,HCI-027,RO4929097,1.0,113.160138834106
180,HCI-027,RO4929097,4.0,65.908683012696
180,HCI-027,RO4929097,8.0,100.164974503479
180,HCI-027,RO4929097,12.0,107.355104830295
180,HCI-027,RO4929097,15.0,136.420834038894
180,HCI-027,RO4929097,19.0,205.171195269176
180,HCI-027,RO4929097,22.0,250.959985317573
181,HCI-027,RO4929097,1.0,93.1380949145874
181,HCI-027,RO4929097,4.0,133.030085792826
181,HCI-027,RO4929097,8.0,161.756131788975
181,HCI-027,RO4929097,12.0,151.775529221375
181,HCI-027,RO4929097,15.0,228.551033093257
181,HCI-027,RO4929097,19.0,307.479215950307
181,HCI-027,RO4929097,22.0,466.02052497787
182,HCI-027,RO4929097,1.0,99.6868830567028
182,HCI-027,RO4929097,4.0,61.9095469234334
182,HCI-027,RO4929097,8.0,67.7500702180969
182,HCI-027,RO4929097,12.0,94.6164773735491
182,HCI-027,RO4929097,15.0,170.69081425615
182,HCI-027,RO4929097,19.0,275.27876837965
182,HCI-027,RO4929097,22.0,270.534864172344
183,HCI-027,Vehicle,1.0,88.769811807999
183,HCI-027,Vehicle,4.0,138.449115578784
183,HCI-027,Vehicle,8.0,168.307563187966
183,HCI-027,Vehicle,12.0,193.270221176222
183,HCI-027,Vehicle,15.0,271.664480434938
183,HCI-027,Vehicle,19.0,396.162796498508
183,HCI-027,Vehicle,22.0,408.047680393463
184,HCI-027,Vehicle,1.0,78.8716109740029
184,HCI-027,Vehicle,4.0,105.556354402347
184,HCI-027,Vehicle,8.0,122.203995472984
184,HCI-027,Vehicle,12.0,172.55090691935
184,HCI-027,Vehicle,15.0,266.340248085947
184,HCI-027,Vehicle,19.0,306.609951805084
184,HCI-027,Vehicle,22.0,371.911764274332
185,HCI-027,Vehicle,1.0,116.47381853005
185,HCI-027,Vehicle,4.0,160.57016140944
185,HCI-027,Vehicle,8.0,170.15436654547
185,HCI-027,Vehicle,12.0,275.455416034518
185,HCI-027,Vehicle,15.0,310.59163245483
185,HCI-027,Vehicle,19.0,476.715898453204
185,HCI-027,Vehicle,22.0,510.804973457093
186,HCI-027,Vehicle,1.0,68.4725821108532
186,HCI-027,Vehicle,4.0,76.3273654587125
186,HCI-027,Vehicle,8.0,85.962435941454
186,HCI-027,Vehicle,12.0,124.084056941799
186,HCI-027,Vehicle,15.0,133.942641496145
186,HCI-027,Vehicle,19.0,195.47699467968
186,HCI-027,Vehicle,22.0,223.173665053648
187,HCI-027,Vehicle,1.0,147.412176577095
187,HCI-027,Vehicle,4.0,147.412176577095
187,HCI-027,Vehicle,8.0,307.140614316443
187,HCI-027,Vehicle,12.0,342.766409698848
187,HCI-027,Vehicle,15.0,412.838804781734
187,HCI-027,Vehicle,19.0,412.838804781734
187,HCI-027,Vehicle,22.0,467.781204667483
188,HCI-010,RO4929097,1.0,186.808864
188,HCI-010,RO4929097,4.0,188.9622035
188,HCI-010,RO4929097,8.0,244.915362
188,HCI-010,RO4929097,11.0,205.0153875
188,HCI-010,RO4929097,15.0,254.393984
188,HCI-010,RO4929097,18.0,307.729152
188,HCI-010,RO4929097,22.0,320.18895
189,HCI-010,RO4929097,1.0,126.482158
189,HCI-010,RO4929097,4.0,164.8221575
189,HCI-010,RO4929097,8.0,156.3804
189,HCI-010,RO4929097,11.0,127.1122475
189,HCI-010,RO4929097,15.0,182.386688
189,HCI-010,RO4929097,18.0,202.131751
189,HCI-010,RO4929097,22.0,181.181486
190,HCI-010,RO4929097,1.0,136.823373
190,HCI-010,RO4929097,4.0,190.172187
190,HCI-010,RO4929097,8.0,163.737639
190,HCI-010,RO4929097,11.0,179.686178
190,HCI-010,RO4929097,15.0,208.852244
190,HCI-010,RO4929097,18.0,286.2028125
190,HCI-010,RO4929097,22.0,320.250672
191,HCI-002,RO4929097,1.0,107.486391767952
191,HCI-002,RO4929097,4.0,81.5375438073224
191,HCI-002,RO4929097,8.0,75.9840234979073
191,HCI-002,RO4929097,12.0,201.677403040334
191,HCI-002,RO4929097,15.0,375.981105711405
191,HCI-002,RO4929097,18.0,432.182536723585
191,HCI-002,RO4929097,22.0,813.693253105011
192,HCI-002,RO4929097,1.0,99.2047410788678
192,HCI-002,RO4929097,4.0,127.422978541301
192,HCI-002,RO4929097,8.0,140.398213017867
192,HCI-002,RO4929097,12.0,280.663504650627
192,HCI-002,RO4929097,15.0,303.260140118592
192,HCI-002,RO4929097,18.0,436.573805409576
192,HCI-002,RO4929097,22.0,544.896629308193
193,HCI-002,RO4929097,1.0,109.553157207095
193,HCI-002,RO4929097,4.0,123.702800750844
193,HCI-002,RO4929097,8.0,168.65454380408
193,HCI-002,RO4929097,12.0,185.899877777165
193,HCI-002,RO4929097,15.0,301.5094682172
193,HCI-002,RO4929097,18.0,420.161256334028
193,HCI-002,RO4929097,22.0,882.863839871877
194,HCI-002,RO4929097,1.0,87.2483003893624
194,HCI-002,RO4929097,4.0,150.914401869977
194,HCI-002,RO4929097,8.0,148.562746998732
194,HCI-002,RO4929097,12.0,312.09495449874
194,HCI-002,RO4929097,15.0,430.052552576892
194,HCI-002,RO4929097,18.0,557.764067783422
194,HCI-002,RO4929097,22.0,672.699730591046
195,HCI-002,RO4929097,1.0,96.5074095567234
195,HCI-002,RO4929097,4.0,288.328367692971
195,HCI-002,RO4929097,8.0,329.281932741779
195,HCI-002,RO4929097,12.0,359.665816185934
195,HCI-002,RO4929097,15.0,416.126605998321
196,HCI-002,Vehicle,1.0,90.0528276849635
196,HCI-002,Vehicle,4.0,157.25880391669
196,HCI-002,Vehicle,8.0,358.654936987977
196,HCI-002,Vehicle,12.0,767.535359852938
196,HCI-002,Vehicle,15.0,1067.28206392431
196,HCI-002,Vehicle,18.0,1112.09771485833
196,HCI-002,Vehicle,22.0,1701.78684337272
197,HCI-002,Vehicle,1.0,112.688916229733
197,HCI-002,Vehicle,4.0,215.346431068735
197,HCI-002,Vehicle,8.0,391.748898440431
197,HCI-002,Vehicle,12.0,447.358349444902
197,HCI-002,Vehicle,15.0,419.523188865631
197,HCI-002,Vehicle,18.0,950.915449073366
197,HCI-002,Vehicle,22.0,937.476460370106
198,HCI-002,Vehicle,1.0,96.5187598010459
198,HCI-002,Vehicle,4.0,106.755597961763
198,HCI-002,Vehicle,8.0,191.727669974199
198,HCI-002,Vehicle,12.0,309.122990428929
198,HCI-002,Vehicle,15.0,317.950684522926
199,HCI-002,Vehicle,1.0,96.2615834001003
199,HCI-002,Vehicle,4.0,223.306345028773
199,HCI-002,Vehicle,8.0,311.880027969836
199,HCI-002,Vehicle,12.0,383.18370688586
199,HCI-002,Vehicle,15.0,378.049309390058
199,HCI-002,Vehicle,18.0,550.173365807561
199,HCI-002,Vehicle,22.0,1138.00557418436
200,HCI-002,Vehicle,1.0,104.477912884157
200,HCI-002,Vehicle,4.0,141.916481583354
200,HCI-002,Vehicle,8.0,179.757173737876
200,HCI-002,Vehicle,12.0,201.369121940419
200,HCI-002,Vehicle,15.0,197.219299186699
201,HCI-002,Irinotecan,1.0,152.0
201,HCI-002,Irinotecan,3.0,287.0
201,HCI-002,Irinotecan,5.0,277.0
201,HCI-002,Irinotecan,8.0,205.0
201,HCI-002,Irinotecan,10.0,200.0
201,HCI-002,Irinotecan,12.0,207.0
201,HCI-002,Irinotecan,15.0,197.0
201,HCI-002,Irinotecan,17.0,203.0
201,HCI-002,Irinotecan,19.0,292.0
201,HCI-002,Irinotecan,22.0,267.0
201,HCI-002,Irinotecan,24.0,304.0
201,HCI-002,Irinotecan,26.0,291.0
201,HCI-002,Irinotecan,29.0,269.0
201,HCI-002,Irinotecan,31.0,219.0
201,HCI-002,Irinotecan,33.0,427.0
202,HCI-002,Irinotecan,1.0,169.0
202,HCI-002,Irinotecan,3.0,485.0
202,HCI-002,Irinotecan,5.0,300.0
202,HCI-002,Irinotecan,8.0,196.0
202,HCI-002,Irinotecan,10.0,222.0
202,HCI-002,Irinotecan,12.0,96.0
202,HCI-002,Irinotecan,15.0,118.0
202,HCI-002,Irinotecan,17.0,139.0
202,HCI-002,Irinotecan,19.0,228.0
202,HCI-002,Irinotecan,22.0,182.0
202,HCI-002,Irinotecan,24.0,171.0
202,HCI-002,Irinotecan,26.0,142.0
202,HCI-002,Irinotecan,29.0,255.0
202,HCI-002,Irinotecan,31.0,193.0
202,HCI-002,Irinotecan,33.0,158.0
203,HCI-002,Irinotecan,1.0,104.0
203,HCI-002,Irinotecan,3.0,101.0
203,HCI-002,Irinotecan,5.0,197.0
203,HCI-002,Irinotecan,8.0,228.0
203,HCI-002,Irinotecan,10.0,194.0
203,HCI-002,Irinotecan,12.0,215.0
203,HCI-002,Irinotecan,15.0,200.0
203,HCI-002,Irinotecan,17.0,240.0
203,HCI-002,Irinotecan,19.0,169.0
203,HCI-002,Irinotecan,22.0,166.0
203,HCI-002,Irinotecan,24.0,221.0
203,HCI-002,Irinotecan,26.0,214.0
203,HCI-002,Irinotecan,29.0,208.0
203,HCI-002,Irinotecan,31.0,336.0
203,HCI-002,Irinotecan,33.0,185.0
204,HCI-002,Irinotecan,1.0,132.0
204,HCI-002,Irinotecan,3.0,520.0
204,HCI-002,Irinotecan,5.0,536.0
204,HCI-002,Irinotecan,8.0,653.0
204,HCI-002,Irinotecan,10.0,413.0
204,HCI-002,Irinotecan,12.0,555.0
204,HCI-002,Irinotecan,15.0,677.0
204,HCI-002,Irinotecan,17.0,515.0
204,HCI-002,Irinotecan,19.0,531.0
204,HCI-002,Irinotecan,22.0,744.0
204,HCI-002,Irinotecan,24.0,1259.0
204,HCI-002,Irinotecan,26.0,1023.0
204,HCI-002,Irinotecan,29.0,1807.0
204,HCI-002,Irinotecan,31.0,1687.0
204,HCI-002,Irinotecan,33.0,1600.0
205,HCI-002,Irinotecan,1.0,197.0
205,HCI-002,Irinotecan,3.0,292.0
205,HCI-002,Irinotecan,5.0,231.0
205,HCI-002,Irinotecan,8.0,217.0
205,HCI-002,Irinotecan,10.0,207.0
205,HCI-002,Irinotecan,12.0,323.0
205,HCI-002,Irinotecan,15.0,274.0
205,HCI-002,Irinotecan,17.0,358.0
205,HCI-002,Irinotecan,19.0,252.0
205,HCI-002,Irinotecan,22.0,266.0
205,HCI-002,Irinotecan,24.0,198.0
205,HCI-002,Irinotecan,26.0,266.0
205,HCI-002,Irinotecan,29.0,245.0
205,HCI-002,Irinotecan,31.0,348.0
205,HCI-002,Irinotecan,33.0,415.0
206,HCI-002,Birinapant + Irinotecan,1.0,164.0
206,HCI-002,Birinapant + Irinotecan,3.0,134.0
206,HCI-002,Birinapant + Irinotecan,5.0,127.0
206,HCI-002,Birinapant + Irinotecan,8.0,112.0
206,HCI-002,Birinapant + Irinotecan,10.0,103.0
206,HCI-002,Birinapant + Irinotecan,12.0,127.0
206,HCI-002,Birinapant + Irinotecan,15.0,94.0
206,HCI-002,Birinapant + Irinotecan,17.0,78.0
206,HCI-002,Birinapant + Irinotecan,19.0,82.0
206,HCI-002,Birinapant + Irinotecan,22.0,85.0
206,HCI-002,Birinapant + Irinotecan,24.0,92.0
206,HCI-002,Birinapant + Irinotecan,26.0,143.0
206,HCI-002,Birinapant + Irinotecan,29.0,169.0
206,HCI-002,Birinapant + Irinotecan,31.0,194.0
206,HCI-002,Birinapant + Irinotecan,33.0,143.0
207,HCI-002,Birinapant + Irinotecan,1.0,208.0
207,HCI-002,Birinapant + Irinotecan,3.0,256.0
207,HCI-002,Birinapant + Irinotecan,5.0,266.0
207,HCI-002,Birinapant + Irinotecan,8.0,171.0
207,HCI-002,Birinapant + Irinotecan,10.0,159.0
207,HCI-002,Birinapant + Irinotecan,12.0,131.0
207,HCI-002,Birinapant + Irinotecan,15.0,117.0
207,HCI-002,Birinapant + Irinotecan,17.0,134.0
207,HCI-002,Birinapant + Irinotecan,19.0,178.0
207,HCI-002,Birinapant + Irinotecan,22.0,259.0
207,HCI-002,Birinapant + Irinotecan,24.0,423.0
207,HCI-002,Birinapant + Irinotecan,26.0,595.0
207,HCI-002,Birinapant + Irinotecan,29.0,657.0
207,HCI-002,Birinapant + Irinotecan,31.0,707.0
207,HCI-002,Birinapant + Irinotecan,33.0,547.0
208,HCI-002,Birinapant + Irinotecan,1.0,170.0
208,HCI-002,Birinapant + Irinotecan,3.0,161.0
208,HCI-002,Birinapant + Irinotecan,5.0,103.0
208,HCI-002,Birinapant + Irinotecan,8.0,81.0
208,HCI-002,Birinapant + Irinotecan,10.0,81.0
208,HCI-002,Birinapant + Irinotecan,12.0,88.0
208,HCI-002,Birinapant + Irinotecan,15.0,70.0
208,HCI-002,Birinapant + Irinotecan,17.0,103.0
208,HCI-002,Birinapant + Irinotecan,19.0,108.0
208,HCI-002,Birinapant + Irinotecan,22.0,159.0
208,HCI-002,Birinapant + Irinotecan,24.0,285.0
208,HCI-002,Birinapant + Irinotecan,26.0,309.0
208,HCI-002,Birinapant + Irinotecan,29.0,380.0
208,HCI-002,Birinapant + Irinotecan,31.0,324.0
208,HCI-002,Birinapant + Irinotecan,33.0,296.0
209,HCI-002,Birinapant + Irinotecan,1.0,156.0
209,HCI-002,Birinapant + Irinotecan,3.0,126.0
209,HCI-002,Birinapant + Irinotecan,5.0,149.0
209,HCI-002,Birinapant + Irinotecan,8.0,154.0
209,HCI-002,Birinapant + Irinotecan,10.0,128.0
209,HCI-002,Birinapant + Irinotecan,12.0,139.0
209,HCI-002,Birinapant + Irinotecan,15.0,84.0
209,HCI-002,Birinapant + Irinotecan,17.0,94.0
209,HCI-002,Birinapant + Irinotecan,19.0,103.0
209,HCI-002,Birinapant + Irinotecan,22.0,106.0
209,HCI-002,Birinapant + Irinotecan,24.0,148.0
209,HCI-002,Birinapant + Irinotecan,26.0,148.0
209,HCI-002,Birinapant + Irinotecan,29.0,181.0
209,HCI-002,Birinapant + Irinotecan,31.0,197.0
209,HCI-002,Birinapant + Irinotecan,33.0,275.0
210,HCI-002,Birinapant + Irinotecan,1.0,214.0
210,HCI-002,Birinapant + Irinotecan,3.0,335.0
210,HCI-002,Birinapant + Irinotecan,5.0,231.0
210,HCI-002,Birinapant + Irinotecan,8.0,137.0
210,HCI-002,Birinapant + Irinotecan,10.0,94.0
210,HCI-002,Birinapant + Irinotecan,12.0,102.0
210,HCI-002,Birinapant + Irinotecan,15.0,106.0
210,HCI-002,Birinapant + Irinotecan,17.0,131.0
210,HCI-002,Birinapant + Irinotecan,19.0,171.0
210,HCI-002,Birinapant + Irinotecan,22.0,470.0
210,HCI-002,Birinapant + Irinotecan,24.0,501.0
210,HCI-002,Birinapant + Irinotecan,26.0,578.0
210,HCI-002,Birinapant + Irinotecan,29.0,465.0
210,HCI-002,Birinapant + Irinotecan,31.0,562.0
210,HCI-002,Birinapant + Irinotecan,33.0,461.0
211,HCI-012,Irinotecan,1.0,112.694
211,HCI-012,Irinotecan,4.0,89.376
211,HCI-012,Irinotecan,8.0,74.1285
211,HCI-012,Irinotecan,11.0,71.5275
211,HCI-012,Irinotecan,15.0,65.0
211,HCI-012,Irinotecan,18.0,112.694
211,HCI-012,Irinotecan,22.0,172.8265
211,HCI-012,Irinotecan,25.0,220.32
211,HCI-012,Irinotecan,29.0,232.75
211,HCI-012,Irinotecan,32.0,211.722
211,HCI-012,Irinotecan,36.0,292.7825
212,HCI-012,Irinotecan,1.0,114.376
212,HCI-012,Irinotecan,4.0,86.528
212,HCI-012,Irinotecan,8.0,124.93
212,HCI-012,Irinotecan,11.0,91.854
212,HCI-012,Irinotecan,15.0,84.5325
212,HCI-012,Irinotecan,18.0,145.926
212,HCI-012,Irinotecan,22.0,230.625
212,HCI-012,Irinotecan,25.0,297.6
212,HCI-012,Irinotecan,29.0,332.35
212,HCI-012,Irinotecan,32.0,275.562
212,HCI-012,Irinotecan,36.0,297.6
213,HCI-012,Irinotecan,1.0,90.944
213,HCI-012,Irinotecan,4.0,72.5
213,HCI-012,Irinotecan,8.0,78.652
213,HCI-012,Irinotecan,11.0,81.461
213,HCI-012,Irinotecan,15.0,57.6
213,HCI-012,Irinotecan,18.0,157.115
213,HCI-012,Irinotecan,22.0,151.552
213,HCI-012,Irinotecan,25.0,202.176
213,HCI-012,Irinotecan,29.0,152.626
213,HCI-012,Irinotecan,32.0,242.4695
213,HCI-012,Irinotecan,36.0,275.2
214,HCI-012,Irinotecan,1.0,115.351
214,HCI-012,Irinotecan,4.0,68.9265
214,HCI-012,Irinotecan,8.0,48.6
214,HCI-012,Irinotecan,11.0,109.8
214,HCI-012,Irinotecan,15.0,171.396
214,HCI-012,Irinotecan,18.0,198.45
214,HCI-012,Irinotecan,22.0,243.089
214,HCI-012,Irinotecan,25.0,356.224
214,HCI-012,Irinotecan,29.0,215.136
214,HCI-012,Irinotecan,32.0,347.612
214,HCI-012,Irinotecan,36.0,377.196
215,HCI-012,Irinotecan,1.0,104.284
215,HCI-012,Irinotecan,4.0,115.2
215,HCI-012,Irinotecan,8.0,157.115
215,HCI-012,Irinotecan,11.0,152.46
215,HCI-012,Irinotecan,15.0,204.1605
215,HCI-012,Irinotecan,18.0,243.36
215,HCI-012,Irinotecan,22.0,256.0
215,HCI-012,Irinotecan,25.0,217.728
215,HCI-012,Irinotecan,29.0,215.136
215,HCI-012,Irinotecan,32.0,241.875
215,HCI-012,Irinotecan,36.0,254.144
216,HCI-012,Birinapant + Irinotecan,1.0,111.6
216,HCI-012,Birinapant + Irinotecan,4.0,59.904
216,HCI-012,Birinapant + Irinotecan,8.0,0.5
216,HCI-012,Birinapant + Irinotecan,11.0,0.5
216,HCI-012,Birinapant + Irinotecan,15.0,0.5
216,HCI-012,Birinapant + Irinotecan,18.0,0.5
216,HCI-012,Birinapant + Irinotecan,22.0,0.5
216,HCI-012,Birinapant + Irinotecan,25.0,0.5
216,HCI-012,Birinapant + Irinotecan,29.0,0.5
216,HCI-012,Birinapant + Irinotecan,32.0,0.5
216,HCI-012,Birinapant + Irinotecan,36.0,0.5
217,HCI-012,Birinapant + Irinotecan,1.0,102.3435
217,HCI-012,Birinapant + Irinotecan,4.0,33.212
217,HCI-012,Birinapant + Irinotecan,8.0,0.5
217,HCI-012,Birinapant + Irinotecan,11.0,0.0
217,HCI-012,Birinapant + Irinotecan,15.0,0.0
217,HCI-012,Birinapant + Irinotecan,18.0,0.0
217,HCI-012,Birinapant + Irinotecan,22.0,0.0
217,HCI-012,Birinapant + Irinotecan,25.0,0.0
217,HCI-012,Birinapant + Irinotecan,29.0,0.5
217,HCI-012,Birinapant + Irinotecan,32.0,0.5
217,HCI-012,Birinapant + Irinotecan,36.0,0.5
218,HCI-012,Birinapant + Irinotecan,1.0,95.506
218,HCI-012,Birinapant + Irinotecan,4.0,57.6
218,HCI-012,Birinapant + Irinotecan,8.0,0.5
218,HCI-012,Birinapant + Irinotecan,11.0,0.5
218,HCI-012,Birinapant + Irinotecan,15.0,0.5
218,HCI-012,Birinapant + Irinotecan,18.0,0.0
218,HCI-012,Birinapant + Irinotecan,22.0,0.5
218,HCI-012,Birinapant + Irinotecan,25.0,0.5
218,HCI-012,Birinapant + Irinotecan,29.0,0.5
218,HCI-012,Birinapant + Irinotecan,32.0,0.5
218,HCI-012,Birinapant + Irinotecan,36.0,0.5
219,HCI-012,Birinapant + Irinotecan,1.0,124.93
219,HCI-012,Birinapant + Irinotecan,4.0,143.748
219,HCI-012,Birinapant + Irinotecan,8.0,78.03
219,HCI-012,Birinapant + Irinotecan,11.0,84.7
219,HCI-012,Birinapant + Irinotecan,15.0,0.5
219,HCI-012,Birinapant + Irinotecan,18.0,13.5
219,HCI-012,Birinapant + Irinotecan,22.0,64.827
219,HCI-012,Birinapant + Irinotecan,25.0,143.65
219,HCI-012,Birinapant + Irinotecan,29.0,128.9925
219,HCI-012,Birinapant + Irinotecan,32.0,143.36
219,HCI-012,Birinapant + Irinotecan,36.0,128.9925
220,HCI-012,Birinapant + Irinotecan,1.0,90.75
220,HCI-012,Birinapant + Irinotecan,4.0,18.0
220,HCI-012,Birinapant + Irinotecan,8.0,4.0
220,HCI-012,Birinapant + Irinotecan,11.0,4.0
220,HCI-012,Birinapant + Irinotecan,15.0,0.5
220,HCI-012,Birinapant + Irinotecan,18.0,0.5
220,HCI-012,Birinapant + Irinotecan,22.0,13.5
220,HCI-012,Birinapant + Irinotecan,25.0,13.5
220,HCI-012,Birinapant + Irinotecan,29.0,0.5
220,HCI-012,Birinapant + Irinotecan,32.0,24.624
220,HCI-012,Birinapant + Irinotecan,36.0,0.5
221,HCI-023,Irinotecan,1.0,131.0
221,HCI-023,Irinotecan,3.0,136.0
221,HCI-023,Irinotecan,5.0,104.0
221,HCI-023,Irinotecan,8.0,92.0
221,HCI-023,Irinotecan,10.0,84.0
221,HCI-023,Irinotecan,12.0,63.0
221,HCI-023,Irinotecan,15.0,37.0
221,HCI-023,Irinotecan,17.0,34.0
221,HCI-023,Irinotecan,19.0,27.0
221,HCI-023,Irinotecan,22.0,33.212
221,HCI-023,Irinotecan,24.0,4.0
221,HCI-023,Irinotecan,26.0,6.0
221,HCI-023,Irinotecan,29.0,4.0
221,HCI-023,Irinotecan,31.0,18.0
221,HCI-023,Irinotecan,33.0,6.0
222,HCI-023,Irinotecan,1.0,119.164
222,HCI-023,Irinotecan,3.0,36.8
222,HCI-023,Irinotecan,5.0,50.8
222,HCI-023,Irinotecan,8.0,50.784
222,HCI-023,Irinotecan,10.0,45.5625
222,HCI-023,Irinotecan,12.0,4.0
222,HCI-023,Irinotecan,15.0,4.0
222,HCI-023,Irinotecan,17.0,0.5
222,HCI-023,Irinotecan,19.0,0.5
222,HCI-023,Irinotecan,22.0,0.5
222,HCI-023,Irinotecan,24.0,0.0
222,HCI-023,Irinotecan,26.0,0.0
222,HCI-023,Irinotecan,29.0,0.0
222,HCI-023,Irinotecan,31.0,0.0
222,HCI-023,Irinotecan,33.0,0.0
223,HCI-023,Irinotecan,1.0,114.0
223,HCI-023,Irinotecan,3.0,117.0
223,HCI-023,Irinotecan,5.0,95.0
223,HCI-023,Irinotecan,8.0,117.0
223,HCI-023,Irinotecan,10.0,64.0
223,HCI-023,Irinotecan,12.0,74.0
223,HCI-023,Irinotecan,15.0,22.0
223,HCI-023,Irinotecan,17.0,28.0
223,HCI-023,Irinotecan,19.0,29.0
223,HCI-023,Irinotecan,22.0,33.212
223,HCI-023,Irinotecan,24.0,28.88
223,HCI-023,Irinotecan,26.0,21.4375
223,HCI-023,Irinotecan,29.0,4.0
223,HCI-023,Irinotecan,31.0,6.0
223,HCI-023,Irinotecan,33.0,17.92
224,HCI-023,Irinotecan,1.0,137.4995
224,HCI-023,Irinotecan,3.0,98.696
224,HCI-023,Irinotecan,5.0,82.8345
224,HCI-023,Irinotecan,8.0,86.2125
224,HCI-023,Irinotecan,10.0,34.983
224,HCI-023,Irinotecan,12.0,58.725
224,HCI-023,Irinotecan,15.0,14.4
224,HCI-023,Irinotecan,17.0,13.5
224,HCI-023,Irinotecan,19.0,13.5
224,HCI-023,Irinotecan,22.0,0.5
224,HCI-023,Irinotecan,24.0,0.0
224,HCI-023,Irinotecan,26.0,0.0
224,HCI-023,Irinotecan,29.0,0.0
224,HCI-023,Irinotecan,31.0,0.0
224,HCI-023,Irinotecan,33.0,0.0
225,HCI-023,Irinotecan,1.0,102.06
225,HCI-023,Irinotecan,3.0,81.461
225,HCI-023,Irinotecan,5.0,29.808
225,HCI-023,Irinotecan,8.0,29.4
225,HCI-023,Irinotecan,10.0,17.1
225,HCI-023,Irinotecan,12.0,28.749
225,HCI-023,Irinotecan,15.0,30.324
225,HCI-023,Irinotecan,17.0,28.322
225,HCI-023,Irinotecan,19.0,24.576
225,HCI-023,Irinotecan,22.0,27.216
225,HCI-023,Irinotecan,24.0,13.5
225,HCI-023,Irinotecan,26.0,30.324
225,HCI-023,Irinotecan,29.0,13.5
225,HCI-023,Irinotecan,31.0,13.5
225,HCI-023,Irinotecan,33.0,32.0
226,HCI-023,Birinapant + Irinotecan,1.0,144.0
226,HCI-023,Birinapant + Irinotecan,3.0,89.0
226,HCI-023,Birinapant + Irinotecan,5.0,43.0
226,HCI-023,Birinapant + Irinotecan,8.0,45.0
226,HCI-023,Birinapant + Irinotecan,10.0,33.0
226,HCI-023,Birinapant + Irinotecan,12.0,12.0
226,HCI-023,Birinapant + Irinotecan,15.0,0.0
226,HCI-023,Birinapant + Irinotecan,17.0,0.0
226,HCI-023,Birinapant + Irinotecan,19.0,0.0
226,HCI-023,Birinapant + Irinotecan,22.0,0.0
226,HCI-023,Birinapant + Irinotecan,24.0,0.0
226,HCI-023,Birinapant + Irinotecan,26.0,0.0
226,HCI-023,Birinapant + Irinotecan,29.0,0.0
226,HCI-023,Birinapant + Irinotecan,31.0,0.0
226,HCI-023,Birinapant + Irinotecan,33.0,0.0
227,HCI-023,Birinapant + Irinotecan,1.0,199.1195
227,HCI-023,Birinapant + Irinotecan,3.0,66.25
227,HCI-023,Birinapant + Irinotecan,5.0,40.572
227,HCI-023,Birinapant + Irinotecan,8.0,22.05
227,HCI-023,Birinapant + Irinotecan,10.0,13.5
227,HCI-023,Birinapant + Irinotecan,12.0,4.0
227,HCI-023,Birinapant + Irinotecan,15.0,0.5
227,HCI-023,Birinapant + Irinotecan,17.0,0.5
227,HCI-023,Birinapant + Irinotecan,19.0,0.0
227,HCI-023,Birinapant + Irinotecan,22.0,0.0
227,HCI-023,Birinapant + Irinotecan,24.0,0.0
227,HCI-023,Birinapant + Irinotecan,26.0,0.0
227,HCI-023,Birinapant + Irinotecan,29.0,0.0
227,HCI-023,Birinapant + Irinotecan,31.0,0.0
227,HCI-023,Birinapant + Irinotecan,33.0,0.0
228,HCI-023,Birinapant + Irinotecan,1.0,112.0
228,HCI-023,Birinapant + Irinotecan,3.0,60.0
228,HCI-023,Birinapant + Irinotecan,5.0,38.0
228,HCI-023,Birinapant + Irinotecan,8.0,0.5
228,HCI-023,Birinapant + Irinotecan,10.0,0.5
228,HCI-023,Birinapant + Irinotecan,12.0,0.0
228,HCI-023,Birinapant + Irinotecan,15.0,0.0
228,HCI-023,Birinapant + Irinotecan,17.0,0.0
228,HCI-023,Birinapant + Irinotecan,19.0,0.0
228,HCI-023,Birinapant + Irinotecan,22.0,0.0
228,HCI-023,Birinapant + Irinotecan,24.0,0.0
228,HCI-023,Birinapant + Irinotecan,26.0,0.0
228,HCI-023,Birinapant + Irinotecan,29.0,0.0
228,HCI-023,Birinapant + Irinotecan,31.0,0.0
228,HCI-023,Birinapant + Irinotecan,33.0,0.0
229,HCI-023,Birinapant + Irinotecan,1.0,124.0
229,HCI-023,Birinapant + Irinotecan,3.0,133.0
229,HCI-023,Birinapant + Irinotecan,5.0,52.0
229,HCI-023,Birinapant + Irinotecan,8.0,0.5
229,HCI-023,Birinapant + Irinotecan,10.0,0.0
229,HCI-023,Birinapant + Irinotecan,12.0,0.0
229,HCI-023,Birinapant + Irinotecan,15.0,0.0
229,HCI-023,Birinapant + Irinotecan,17.0,0.0
229,HCI-023,Birinapant + Irinotecan,19.0,0.0
229,HCI-023,Birinapant + Irinotecan,22.0,0.0
229,HCI-023,Birinapant + Irinotecan,24.0,0.0
229,HCI-023,Birinapant + Irinotecan,26.0,0.0
229,HCI-023,Birinapant + Irinotecan,29.0,0.0
229,HCI-023,Birinapant + Irinotecan,31.0,0.0
229,HCI-023,Birinapant + Irinotecan,33.0,0.0
230,HCI-023,Birinapant + Irinotecan,1.0,119.0
230,HCI-023,Birinapant + Irinotecan,3.0,89.0
230,HCI-023,Birinapant + Irinotecan,5.0,51.0
230,HCI-023,Birinapant + Irinotecan,8.0,50.0
230,HCI-023,Birinapant + Irinotecan,10.0,39.0
230,HCI-023,Birinapant + Irinotecan,12.0,19.0
230,HCI-023,Birinapant + Irinotecan,15.0,0.0
230,HCI-023,Birinapant + Irinotecan,17.0,0.0
230,HCI-023,Birinapant + Irinotecan,19.0,0.0
230,HCI-023,Birinapant + Irinotecan,22.0,0.0
230,HCI-023,Birinapant + Irinotecan,24.0,0.0
230,HCI-023,Birinapant + Irinotecan,26.0,0.0
230,HCI-023,Birinapant + Irinotecan,29.0,0.0
230,HCI-023,Birinapant + Irinotecan,31.0,0.0
230,HCI-023,Birinapant + Irinotecan,33.0,0.0
231,HCI-003,Fulvestrant (40 mg/kg),1.0,74.06
231,HCI-003,Fulvestrant (40 mg/kg),3.0,60.306
231,HCI-003,Fulvestrant (40 mg/kg),5.0,64.715
231,HCI-003,Fulvestrant (40 mg/kg),8.0,96.25
231,HCI-003,Fulvestrant (40 mg/kg),10.0,154.8
231,HCI-003,Fulvestrant (40 mg/kg),12.0,182.272
231,HCI-003,Fulvestrant (40 mg/kg),15.0,221.3865
231,HCI-003,Fulvestrant (40 mg/kg),17.0,212.704
231,HCI-003,Fulvestrant (40 mg/kg),19.0,259.2
231,HCI-003,Fulvestrant (40 mg/kg),22.0,274.4435
231,HCI-003,Fulvestrant (40 mg/kg),24.0,272.16
231,HCI-003,Fulvestrant (40 mg/kg),26.0,406.78
232,HCI-003,Fulvestrant (40 mg/kg),1.0,64.827
232,HCI-003,Fulvestrant (40 mg/kg),3.0,57.6
232,HCI-003,Fulvestrant (40 mg/kg),5.0,62.5
232,HCI-003,Fulvestrant (40 mg/kg),8.0,94.221
232,HCI-003,Fulvestrant (40 mg/kg),10.0,86.022
232,HCI-003,Fulvestrant (40 mg/kg),12.0,104.284
232,HCI-003,Fulvestrant (40 mg/kg),15.0,145.926
232,HCI-003,Fulvestrant (40 mg/kg),17.0,89.2375
232,HCI-003,Fulvestrant (40 mg/kg),19.0,100.719
232,HCI-003,Fulvestrant (40 mg/kg),22.0,123.008
232,HCI-003,Fulvestrant (40 mg/kg),24.0,135.168
232,HCI-003,Fulvestrant (40 mg/kg),26.0,108.8415
233,HCI-003,Fulvestrant (40 mg/kg),1.0,67.626
233,HCI-003,Fulvestrant (40 mg/kg),3.0,49.726
233,HCI-003,Fulvestrant (40 mg/kg),5.0,37.926
233,HCI-003,Fulvestrant (40 mg/kg),8.0,18.7
233,HCI-003,Fulvestrant (40 mg/kg),10.0,33.6
233,HCI-003,Fulvestrant (40 mg/kg),12.0,74.1285
233,HCI-003,Fulvestrant (40 mg/kg),15.0,40.572
233,HCI-003,Fulvestrant (40 mg/kg),17.0,44.528
233,HCI-003,Fulvestrant (40 mg/kg),19.0,32.0
234,HCI-003,Fulvestrant (200 mg/kg),1.0,94.221
234,HCI-003,Fulvestrant (200 mg/kg),3.0,59.904
234,HCI-003,Fulvestrant (200 mg/kg),5.0,45.864
234,HCI-003,Fulvestrant (200 mg/kg),8.0,56.3295
234,HCI-003,Fulvestrant (200 mg/kg),10.0,30.324
234,HCI-003,Fulvestrant (200 mg/kg),12.0,29.602
234,HCI-003,Fulvestrant (200 mg/kg),15.0,33.6
234,HCI-003,Fulvestrant (200 mg/kg),17.0,41.6025
234,HCI-003,Fulvestrant (200 mg/kg),19.0,37.926
234,HCI-003,Fulvestrant (200 mg/kg),22.0,37.926
234,HCI-003,Fulvestrant (200 mg/kg),24.0,44.528
234,HCI-003,Fulvestrant (200 mg/kg),26.0,46.575
235,HCI-003,Fulvestrant (200 mg/kg),1.0,105.966
235,HCI-003,Fulvestrant (200 mg/kg),3.0,76.7295
235,HCI-003,Fulvestrant (200 mg/kg),5.0,79.768
235,HCI-003,Fulvestrant (200 mg/kg),8.0,95.8455
235,HCI-003,Fulvestrant (200 mg/kg),10.0,77.064
235,HCI-003,Fulvestrant (200 mg/kg),12.0,78.652
236,HCI-003,Fulvestrant (200 mg/kg),1.0,62.426
236,HCI-003,Fulvestrant (200 mg/kg),3.0,59.643
236,HCI-003,Fulvestrant (200 mg/kg),5.0,52.65
236,HCI-003,Fulvestrant (200 mg/kg),8.0,44.8
236,HCI-003,Fulvestrant (200 mg/kg),10.0,53.958
236,HCI-003,Fulvestrant (200 mg/kg),12.0,71.5275
236,HCI-003,Fulvestrant (200 mg/kg),15.0,67.626
236,HCI-003,Fulvestrant (200 mg/kg),17.0,36.0
236,HCI-003,Fulvestrant (200 mg/kg),19.0,13.5
237,HCI-003,Fulvestrant (200 mg/kg),1.0,70.0
237,HCI-003,Fulvestrant (200 mg/kg),3.0,59.7375
237,HCI-003,Fulvestrant (200 mg/kg),5.0,47.432
237,HCI-003,Fulvestrant (200 mg/kg),8.0,40.572
237,HCI-003,Fulvestrant (200 mg/kg),10.0,45.6
237,HCI-003,Fulvestrant (200 mg/kg),12.0,55.225
237,HCI-003,Fulvestrant (200 mg/kg),15.0,77.064
237,HCI-003,Fulvestrant (200 mg/kg),17.0,111.6
237,HCI-003,Fulvestrant (200 mg/kg),19.0,63.36
238,HCI-003,Vehicle,1.0,85.176
238,HCI-003,Vehicle,3.0,84.035
238,HCI-003,Vehicle,5.0,103.933
238,HCI-003,Vehicle,8.0,135.0
238,HCI-003,Vehicle,10.0,165.528
238,HCI-003,Vehicle,12.0,164.775
238,HCI-003,Vehicle,15.0,172.032
238,HCI-003,Vehicle,17.0,198.198
238,HCI-003,Vehicle,19.0,224.3245
238,HCI-003,Vehicle,22.0,200.9
238,HCI-003,Vehicle,24.0,200.9
238,HCI-003,Vehicle,26.0,225.504
239,HCI-003,Vehicle,1.0,68.85
239,HCI-003,Vehicle,3.0,75.504
239,HCI-003,Vehicle,5.0,103.68
239,HCI-003,Vehicle,8.0,210.944
239,HCI-003,Vehicle,10.0,237.917
239,HCI-003,Vehicle,12.0,235.6725
239,HCI-003,Vehicle,15.0,254.32
239,HCI-003,Vehicle,17.0,372.552
239,HCI-003,Vehicle,19.0,410.67
239,HCI-003,Vehicle,22.0,416.0
239,HCI-003,Vehicle,24.0,462.4
239,HCI-003,Vehicle,26.0,458.1185
240,HCI-003,Vehicle,1.0,52.0
240,HCI-003,Vehicle,3.0,85.833
240,HCI-003,Vehicle,5.0,95.506
240,HCI-003,Vehicle,8.0,119.422
240,HCI-003,Vehicle,10.0,140.8995
240,HCI-003,Vehicle,12.0,119.422
240,HCI-003,Vehicle,15.0,112.896
240,HCI-003,Vehicle,17.0,114.464
240,HCI-003,Vehicle,19.0,172.8265
241,HCI-011,Fulvestrant (40 mg/kg),1.0,106.624
241,HCI-011,Fulvestrant (40 mg/kg),3.0,87.725
241,HCI-011,Fulvestrant (40 mg/kg),5.0,83.824
241,HCI-011,Fulvestrant (40 mg/kg),8.0,102.85
241,HCI-011,Fulvestrant (40 mg/kg),10.0,118.5885
241,HCI-011,Fulvestrant (40 mg/kg),12.0,181.3
241,HCI-011,Fulvestrant (40 mg/kg),15.0,207.36
241,HCI-011,Fulvestrant (40 mg/kg),17.0,133.2
241,HCI-011,Fulvestrant (40 mg/kg),19.0,183.75
241,HCI-011,Fulvestrant (40 mg/kg),22.0,234.476
241,HCI-011,Fulvestrant (40 mg/kg),24.0,244.6875
241,HCI-011,Fulvestrant (40 mg/kg),26.0,249.018
241,HCI-011,Fulvestrant (40 mg/kg),29.0,335.16
241,HCI-011,Fulvestrant (40 mg/kg),31.0,386.5375
241,HCI-011,Fulvestrant (40 mg/kg),33.0,322.752
241,HCI-011,Fulvestrant (40 mg/kg),36.0,261.612
241,HCI-011,Fulvestrant (40 mg/kg),38.0,279.7725
242,HCI-011,Fulvestrant (40 mg/kg),1.0,138.6
242,HCI-011,Fulvestrant (40 mg/kg),3.0,131.196
242,HCI-011,Fulvestrant (40 mg/kg),5.0,196.52
242,HCI-011,Fulvestrant (40 mg/kg),8.0,158.1425
242,HCI-011,Fulvestrant (40 mg/kg),10.0,281.6275
242,HCI-011,Fulvestrant (40 mg/kg),12.0,290.304
242,HCI-011,Fulvestrant (40 mg/kg),15.0,573.248
242,HCI-011,Fulvestrant (40 mg/kg),17.0,494.9505
242,HCI-011,Fulvestrant (40 mg/kg),19.0,298.116
242,HCI-011,Fulvestrant (40 mg/kg),22.0,228.096
242,HCI-011,Fulvestrant (40 mg/kg),24.0,332.35
242,HCI-011,Fulvestrant (40 mg/kg),26.0,441.408
242,HCI-011,Fulvestrant (40 mg/kg),29.0,446.571
242,HCI-011,Fulvestrant (40 mg/kg),31.0,647.149
242,HCI-011,Fulvestrant (40 mg/kg),33.0,520.536
242,HCI-011,Fulvestrant (40 mg/kg),36.0,291.312
242,HCI-011,Fulvestrant (40 mg/kg),38.0,453.87
243,HCI-011,Fulvestrant (40 mg/kg),1.0,112.216
243,HCI-011,Fulvestrant (40 mg/kg),3.0,127.832
243,HCI-011,Fulvestrant (40 mg/kg),5.0,109.512
243,HCI-011,Fulvestrant (40 mg/kg),8.0,131.196
243,HCI-011,Fulvestrant (40 mg/kg),10.0,115.182
243,HCI-011,Fulvestrant (40 mg/kg),12.0,148.8375
243,HCI-011,Fulvestrant (40 mg/kg),15.0,232.73
243,HCI-011,Fulvestrant (40 mg/kg),17.0,214.245
243,HCI-011,Fulvestrant (40 mg/kg),19.0,257.032
243,HCI-011,Fulvestrant (40 mg/kg),22.0,305.942
243,HCI-011,Fulvestrant (40 mg/kg),24.0,344.45
243,HCI-011,Fulvestrant (40 mg/kg),26.0,413.1
243,HCI-011,Fulvestrant (40 mg/kg),29.0,782.3835
243,HCI-011,Fulvestrant (40 mg/kg),31.0,871.2
243,HCI-011,Fulvestrant (40 mg/kg),33.0,855.432
243,HCI-011,Fulvestrant (40 mg/kg),36.0,812.879
243,HCI-011,Fulvestrant (40 mg/kg),38.0,831.67
244,HCI-011,Fulvestrant (40 mg/kg),1.0,207.831
244,HCI-011,Fulvestrant (40 mg/kg),3.0,148.104
244,HCI-011,Fulvestrant (40 mg/kg),5.0,181.476
244,HCI-011,Fulvestrant (40 mg/kg),8.0,150.7005
244,HCI-011,Fulvestrant (40 mg/kg),10.0,214.2425
244,HCI-011,Fulvestrant (40 mg/kg),12.0,296.45
244,HCI-011,Fulvestrant (40 mg/kg),15.0,364.8
244,HCI-011,Fulvestrant (40 mg/kg),17.0,410.432
244,HCI-011,Fulvestrant (40 mg/kg),19.0,507.84
244,HCI-011,Fulvestrant (40 mg/kg),22.0,705.6
244,HCI-011,Fulvestrant (40 mg/kg),24.0,717.336
244,HCI-011,Fulvestrant (40 mg/kg),26.0,441.099
244,HCI-011,Fulvestrant (40 mg/kg),29.0,960.756
244,HCI-011,Fulvestrant (40 mg/kg),31.0,974.68
244,HCI-011,Fulvestrant (40 mg/kg),33.0,998.3505
244,HCI-011,Fulvestrant (40 mg/kg),36.0,1079.09
244,HCI-011,Fulvestrant (40 mg/kg),38.0,1086.532
245,HCI-011,Fulvestrant (40 mg/kg),1.0,95.992
245,HCI-011,Fulvestrant (40 mg/kg),3.0,122.304
245,HCI-011,Fulvestrant (40 mg/kg),5.0,111.392
245,HCI-011,Fulvestrant (40 mg/kg),8.0,178.596
245,HCI-011,Fulvestrant (40 mg/kg),10.0,229.147
245,HCI-011,Fulvestrant (40 mg/kg),12.0,204.768
245,HCI-011,Fulvestrant (40 mg/kg),15.0,171.088
245,HCI-011,Fulvestrant (40 mg/kg),17.0,221.1535
245,HCI-011,Fulvestrant (40 mg/kg),19.0,175.712
245,HCI-011,Fulvestrant (40 mg/kg),22.0,193.55
245,HCI-011,Fulvestrant (40 mg/kg),24.0,220.32
245,HCI-011,Fulvestrant (40 mg/kg),26.0,228.096
246,HCI-011,Fulvestrant (200 mg/kg),1.0,137.3125
246,HCI-011,Fulvestrant (200 mg/kg),3.0,74.36
246,HCI-011,Fulvestrant (200 mg/kg),5.0,63.36
246,HCI-011,Fulvestrant (200 mg/kg),8.0,109.33
246,HCI-011,Fulvestrant (200 mg/kg),10.0,161.172
246,HCI-011,Fulvestrant (200 mg/kg),12.0,93.312
246,HCI-011,Fulvestrant (200 mg/kg),15.0,171.088
246,HCI-011,Fulvestrant (200 mg/kg),17.0,213.564
246,HCI-011,Fulvestrant (200 mg/kg),19.0,176.157
246,HCI-011,Fulvestrant (200 mg/kg),22.0,157.115
246,HCI-011,Fulvestrant (200 mg/kg),24.0,180.336
246,HCI-011,Fulvestrant (200 mg/kg),26.0,273.78
246,HCI-011,Fulvestrant (200 mg/kg),29.0,191.1
246,HCI-011,Fulvestrant (200 mg/kg),31.0,115.2
246,HCI-011,Fulvestrant (200 mg/kg),33.0,116.058
246,HCI-011,Fulvestrant (200 mg/kg),36.0,237.1405
246,HCI-011,Fulvestrant (200 mg/kg),38.0,255.792
247,HCI-011,Fulvestrant (200 mg/kg),1.0,160.55
247,HCI-011,Fulvestrant (200 mg/kg),3.0,97.344
247,HCI-011,Fulvestrant (200 mg/kg),5.0,74.88
247,HCI-011,Fulvestrant (200 mg/kg),8.0,89.7345
247,HCI-011,Fulvestrant (200 mg/kg),10.0,115.182
247,HCI-011,Fulvestrant (200 mg/kg),12.0,130.075
247,HCI-011,Fulvestrant (200 mg/kg),15.0,119.4875
247,HCI-011,Fulvestrant (200 mg/kg),17.0,144.8685
247,HCI-011,Fulvestrant (200 mg/kg),19.0,171.058
247,HCI-011,Fulvestrant (200 mg/kg),22.0,272.8125
247,HCI-011,Fulvestrant (200 mg/kg),24.0,219.006
247,HCI-011,Fulvestrant (200 mg/kg),26.0,232.73
247,HCI-011,Fulvestrant (200 mg/kg),29.0,241.875
247,HCI-011,Fulvestrant (200 mg/kg),31.0,314.237
247,HCI-011,Fulvestrant (200 mg/kg),33.0,213.3625
247,HCI-011,Fulvestrant (200 mg/kg),36.0,222.156
247,HCI-011,Fulvestrant (200 mg/kg),38.0,176.6205
248,HCI-011,Fulvestrant (200 mg/kg),1.0,90.584
248,HCI-011,Fulvestrant (200 mg/kg),3.0,76.25
248,HCI-011,Fulvestrant (200 mg/kg),5.0,35.301
248,HCI-011,Fulvestrant (200 mg/kg),8.0,39.69
248,HCI-011,Fulvestrant (200 mg/kg),10.0,44.982
248,HCI-011,Fulvestrant (200 mg/kg),12.0,37.044
248,HCI-011,Fulvestrant (200 mg/kg),15.0,46.575
248,HCI-011,Fulvestrant (200 mg/kg),17.0,62.426
248,HCI-011,Fulvestrant (200 mg/kg),19.0,70.272
248,HCI-011,Fulvestrant (200 mg/kg),22.0,102.85
248,HCI-011,Fulvestrant (200 mg/kg),24.0,145.408
248,HCI-011,Fulvestrant (200 mg/kg),26.0,148.8375
248,HCI-011,Fulvestrant (200 mg/kg),29.0,114.92
248,HCI-011,Fulvestrant (200 mg/kg),31.0,103.968
248,HCI-011,Fulvestrant (200 mg/kg),33.0,90.944
248,HCI-011,Fulvestrant (200 mg/kg),36.0,74.431
248,HCI-011,Fulvestrant (200 mg/kg),38.0,99.825
249,HCI-011,Fulvestrant (200 mg/kg),1.0,150.282
249,HCI-011,Fulvestrant (200 mg/kg),3.0,122.793
249,HCI-011,Fulvestrant (200 mg/kg),5.0,109.33
249,HCI-011,Fulvestrant (200 mg/kg),8.0,76.25
249,HCI-011,Fulvestrant (200 mg/kg),10.0,103.968
249,HCI-011,Fulvestrant (200 mg/kg),12.0,86.25
249,HCI-011,Fulvestrant (200 mg/kg),15.0,133.2
249,HCI-011,Fulvestrant (200 mg/kg),17.0,154.638
249,HCI-011,Fulvestrant (200 mg/kg),19.0,85.176
249,HCI-011,Fulvestrant (200 mg/kg),22.0,117.6
249,HCI-011,Fulvestrant (200 mg/kg),24.0,75.106
249,HCI-011,Fulvestrant (200 mg/kg),26.0,119.422
249,HCI-011,Fulvestrant (200 mg/kg),29.0,123.5755
249,HCI-011,Fulvestrant (200 mg/kg),31.0,154.2125
249,HCI-011,Fulvestrant (200 mg/kg),33.0,89.376
249,HCI-011,Fulvestrant (200 mg/kg),36.0,65.1655
249,HCI-011,Fulvestrant (200 mg/kg),38.0,92.3355
250,HCI-011,Fulvestrant (200 mg/kg),1.0,93.775
250,HCI-011,Fulvestrant (200 mg/kg),3.0,54.675
250,HCI-011,Fulvestrant (200 mg/kg),5.0,58.725
250,HCI-011,Fulvestrant (200 mg/kg),8.0,50.8475
250,HCI-011,Fulvestrant (200 mg/kg),10.0,60.016
250,HCI-011,Fulvestrant (200 mg/kg),12.0,93.775
250,HCI-011,Fulvestrant (200 mg/kg),15.0,89.888
250,HCI-011,Fulvestrant (200 mg/kg),17.0,75.429
250,HCI-011,Fulvestrant (200 mg/kg),19.0,107.217
250,HCI-011,Fulvestrant (200 mg/kg),22.0,73.75
250,HCI-011,Fulvestrant (200 mg/kg),24.0,115.2
250,HCI-011,Fulvestrant (200 mg/kg),26.0,154.638
250,HCI-011,Fulvestrant (200 mg/kg),29.0,100.602
250,HCI-011,Fulvestrant (200 mg/kg),31.0,120.0945
250,HCI-011,Fulvestrant (200 mg/kg),33.0,89.7345
250,HCI-011,Fulvestrant (200 mg/kg),36.0,99.144
250,HCI-011,Fulvestrant (200 mg/kg),38.0,107.648
251,HCI-011,Vehicle,1.0,98.696
251,HCI-011,Vehicle,3.0,130.144
251,HCI-011,Vehicle,5.0,182.59
251,HCI-011,Vehicle,8.0,249.696
251,HCI-011,Vehicle,10.0,313.632
251,HCI-011,Vehicle,12.0,466.0125
251,HCI-011,Vehicle,15.0,550.525
251,HCI-011,Vehicle,17.0,737.3255
251,HCI-011,Vehicle,19.0,729.3715
251,HCI-011,Vehicle,22.0,1031.55
251,HCI-011,Vehicle,24.0,1372.8825
251,HCI-011,Vehicle,26.0,1671.2665
251,HCI-011,Vehicle,29.0,1658.475
251,HCI-011,Vehicle,31.0,1775.616
251,HCI-011,Vehicle,33.0,2378.475
251,HCI-011,Vehicle,36.0,2510.6125
251,HCI-011,Vehicle,38.0,3021.975
252,HCI-011,Vehicle,1.0,141.398
252,HCI-011,Vehicle,3.0,185.9
252,HCI-011,Vehicle,5.0,282.437
252,HCI-011,Vehicle,8.0,406.802
252,HCI-011,Vehicle,10.0,786.52
252,HCI-011,Vehicle,12.0,828.144
252,HCI-011,Vehicle,15.0,915.624
252,HCI-011,Vehicle,17.0,979.776
252,HCI-011,Vehicle,19.0,910.35
252,HCI-011,Vehicle,22.0,1380.6975
252,HCI-011,Vehicle,24.0,2019.0445
253,HCI-011,Vehicle,1.0,130.696
253,HCI-011,Vehicle,3.0,274.36
253,HCI-011,Vehicle,5.0,406.451
253,HCI-011,Vehicle,8.0,758.5435
253,HCI-011,Vehicle,10.0,800.0
253,HCI-011,Vehicle,12.0,998.001
253,HCI-011,Vehicle,15.0,1166.4
253,HCI-011,Vehicle,17.0,1260.0
253,HCI-011,Vehicle,19.0,1332.0
253,HCI-011,Vehicle,22.0,1687.864
253,HCI-011,Vehicle,24.0,2097.2
254,HCI-011,Vehicle,1.0,126.852
254,HCI-011,Vehicle,3.0,161.604
254,HCI-011,Vehicle,5.0,220.32
254,HCI-011,Vehicle,8.0,363.384
254,HCI-011,Vehicle,10.0,502.2
254,HCI-011,Vehicle,12.0,564.0625
254,HCI-011,Vehicle,15.0,550.525
254,HCI-011,Vehicle,17.0,801.43
254,HCI-011,Vehicle,19.0,911.754
254,HCI-011,Vehicle,22.0,1320.3125
254,HCI-011,Vehicle,24.0,1272.582
254,HCI-011,Vehicle,26.0,1492.344
254,HCI-011,Vehicle,29.0,1883.7975
254,HCI-011,Vehicle,31.0,1961.0815
254,HCI-011,Vehicle,33.0,2001.024
254,HCI-011,Vehicle,36.0,2238.75
254,HCI-011,Vehicle,38.0,2402.816
255,HCI-017,Fulvestrant (40 mg/kg),1.0,65.0
255,HCI-017,Fulvestrant (40 mg/kg),3.0,73.008
255,HCI-017,Fulvestrant (40 mg/kg),5.0,63.36
255,HCI-017,Fulvestrant (40 mg/kg),8.0,72.03
255,HCI-017,Fulvestrant (40 mg/kg),10.0,78.75
255,HCI-017,Fulvestrant (40 mg/kg),12.0,72.5
255,HCI-017,Fulvestrant (40 mg/kg),15.0,82.472
255,HCI-017,Fulvestrant (40 mg/kg),17.0,82.472
255,HCI-017,Fulvestrant (40 mg/kg),19.0,73.75
255,HCI-017,Fulvestrant (40 mg/kg),22.0,66.816
255,HCI-017,Fulvestrant (40 mg/kg),24.0,64.512
255,HCI-017,Fulvestrant (40 mg/kg),26.0,57.132
255,HCI-017,Fulvestrant (40 mg/kg),29.0,54.675
255,HCI-017,Fulvestrant (40 mg/kg),31.0,59.248
255,HCI-017,Fulvestrant (40 mg/kg),33.0,69.629
255,HCI-017,Fulvestrant (40 mg/kg),36.0,68.4285
255,HCI-017,Fulvestrant (40 mg/kg),38.0,72.5
255,HCI-017,Fulvestrant (40 mg/kg),40.0,89.888
255,HCI-017,Fulvestrant (40 mg/kg),43.0,32.7015
255,HCI-017,Fulvestrant (40 mg/kg),45.0,40.572
255,HCI-017,Fulvestrant (40 mg/kg),47.0,43.218
256,HCI-017,Fulvestrant (40 mg/kg),1.0,57.6
256,HCI-017,Fulvestrant (40 mg/kg),3.0,59.904
256,HCI-017,Fulvestrant (40 mg/kg),5.0,30.324
256,HCI-017,Fulvestrant (40 mg/kg),8.0,39.69
256,HCI-017,Fulvestrant (40 mg/kg),10.0,55.225
256,HCI-017,Fulvestrant (40 mg/kg),12.0,41.6025
256,HCI-017,Fulvestrant (40 mg/kg),15.0,49.923
256,HCI-017,Fulvestrant (40 mg/kg),17.0,48.074
256,HCI-017,Fulvestrant (40 mg/kg),19.0,46.746
256,HCI-017,Fulvestrant (40 mg/kg),22.0,40.572
256,HCI-017,Fulvestrant (40 mg/kg),24.0,40.572
256,HCI-017,Fulvestrant (40 mg/kg),26.0,44.528
256,HCI-017,Fulvestrant (40 mg/kg),29.0,46.575
256,HCI-017,Fulvestrant (40 mg/kg),31.0,40.572
256,HCI-017,Fulvestrant (40 mg/kg),33.0,32.49
256,HCI-017,Fulvestrant (40 mg/kg),36.0,34.983
256,HCI-017,Fulvestrant (40 mg/kg),38.0,42.336
256,HCI-017,Fulvestrant (40 mg/kg),40.0,55.296
256,HCI-017,Fulvestrant (40 mg/kg),43.0,72.5
256,HCI-017,Fulvestrant (40 mg/kg),45.0,97.216
256,HCI-017,Fulvestrant (40 mg/kg),47.0,123.008
257,HCI-017,Fulvestrant (200 mg/kg),1.0,63.36
257,HCI-017,Fulvestrant (200 mg/kg),3.0,42.336
257,HCI-017,Fulvestrant (200 mg/kg),5.0,33.6
257,HCI-017,Fulvestrant (200 mg/kg),8.0,19.456
257,HCI-017,Fulvestrant (200 mg/kg),10.0,13.5
257,HCI-017,Fulvestrant (200 mg/kg),12.0,16.384
257,HCI-017,Fulvestrant (200 mg/kg),15.0,22.05
257,HCI-017,Fulvestrant (200 mg/kg),17.0,28.88
257,HCI-017,Fulvestrant (200 mg/kg),19.0,13.5
257,HCI-017,Fulvestrant (200 mg/kg),22.0,1.0
257,HCI-017,Fulvestrant (200 mg/kg),24.0,1.0
257,HCI-017,Fulvestrant (200 mg/kg),26.0,0.5
257,HCI-017,Fulvestrant (200 mg/kg),29.0,0.5
257,HCI-017,Fulvestrant (200 mg/kg),31.0,0.5
257,HCI-017,Fulvestrant (200 mg/kg),33.0,0.5
257,HCI-017,Fulvestrant (200 mg/kg),36.0,0.5
257,HCI-017,Fulvestrant (200 mg/kg),38.0,0.5
257,HCI-017,Fulvestrant (200 mg/kg),40.0,0.5
257,HCI-017,Fulvestrant (200 mg/kg),43.0,0.5
257,HCI-017,Fulvestrant (200 mg/kg),45.0,1.0
257,HCI-017,Fulvestrant (200 mg/kg),47.0,0.5
258,HCI-017,Fulvestrant (200 mg/kg),1.0,81.12
258,HCI-017,Fulvestrant (200 mg/kg),3.0,32.49
258,HCI-017,Fulvestrant (200 mg/kg),5.0,28.749
258,HCI-017,Fulvestrant (200 mg/kg),8.0,23.275
258,HCI-017,Fulvestrant (200 mg/kg),10.0,33.6
258,HCI-017,Fulvestrant (200 mg/kg),12.0,47.5875
258,HCI-017,Fulvestrant (200 mg/kg),15.0,37.044
258,HCI-017,Fulvestrant (200 mg/kg),17.0,26.3375
258,HCI-017,Fulvestrant (200 mg/kg),19.0,29.16
258,HCI-017,Fulvestrant (200 mg/kg),22.0,18.7395
258,HCI-017,Fulvestrant (200 mg/kg),24.0,13.5
258,HCI-017,Fulvestrant (200 mg/kg),26.0,13.5
258,HCI-017,Fulvestrant (200 mg/kg),29.0,0.5
258,HCI-017,Fulvestrant (200 mg/kg),31.0,0.5
258,HCI-017,Fulvestrant (200 mg/kg),33.0,0.5
258,HCI-017,Fulvestrant (200 mg/kg),36.0,1.0
258,HCI-017,Fulvestrant (200 mg/kg),38.0,6.0
258,HCI-017,Fulvestrant (200 mg/kg),40.0,0.5
258,HCI-017,Fulvestrant (200 mg/kg),43.0,0.5
258,HCI-017,Fulvestrant (200 mg/kg),45.0,1.0
258,HCI-017,Fulvestrant (200 mg/kg),47.0,0.5
259,HCI-017,Fulvestrant (200 mg/kg),1.0,79.768
259,HCI-017,Fulvestrant (200 mg/kg),3.0,48.074
259,HCI-017,Fulvestrant (200 mg/kg),5.0,42.336
259,HCI-017,Fulvestrant (200 mg/kg),8.0,35.301
259,HCI-017,Fulvestrant (200 mg/kg),10.0,31.941
259,HCI-017,Fulvestrant (200 mg/kg),12.0,31.941
259,HCI-017,Fulvestrant (200 mg/kg),15.0,30.324
259,HCI-017,Fulvestrant (200 mg/kg),17.0,25.1125
259,HCI-017,Fulvestrant (200 mg/kg),19.0,17.92
259,HCI-017,Fulvestrant (200 mg/kg),22.0,28.0645
259,HCI-017,Fulvestrant (200 mg/kg),24.0,42.336
259,HCI-017,Fulvestrant (200 mg/kg),26.0,52.65
259,HCI-017,Fulvestrant (200 mg/kg),29.0,21.964
259,HCI-017,Fulvestrant (200 mg/kg),31.0,25.92
259,HCI-017,Fulvestrant (200 mg/kg),33.0,35.301
259,HCI-017,Fulvestrant (200 mg/kg),36.0,33.6
259,HCI-017,Fulvestrant (200 mg/kg),38.0,29.602
259,HCI-017,Fulvestrant (200 mg/kg),40.0,24.624
259,HCI-017,Fulvestrant (200 mg/kg),43.0,13.5
259,HCI-017,Fulvestrant (200 mg/kg),45.0,4.0
259,HCI-017,Fulvestrant (200 mg/kg),47.0,1.0
260,HCI-017,Fulvestrant (200 mg/kg),1.0,80.19
260,HCI-017,Fulvestrant (200 mg/kg),3.0,46.575
260,HCI-017,Fulvestrant (200 mg/kg),5.0,38.4
260,HCI-017,Fulvestrant (200 mg/kg),8.0,46.575
260,HCI-017,Fulvestrant (200 mg/kg),10.0,39.69
260,HCI-017,Fulvestrant (200 mg/kg),12.0,34.983
260,HCI-017,Fulvestrant (200 mg/kg),15.0,33.212
260,HCI-017,Fulvestrant (200 mg/kg),17.0,32.7015
260,HCI-017,Fulvestrant (200 mg/kg),19.0,13.5
260,HCI-017,Fulvestrant (200 mg/kg),22.0,17.9685
260,HCI-017,Fulvestrant (200 mg/kg),24.0,19.0575
260,HCI-017,Fulvestrant (200 mg/kg),26.0,34.983
260,HCI-017,Fulvestrant (200 mg/kg),29.0,24.5
260,HCI-017,Fulvestrant (200 mg/kg),31.0,22.542
260,HCI-017,Fulvestrant (200 mg/kg),33.0,24.5
260,HCI-017,Fulvestrant (200 mg/kg),36.0,20.1465
260,HCI-017,Fulvestrant (200 mg/kg),38.0,20.1465
260,HCI-017,Fulvestrant (200 mg/kg),40.0,21.386
260,HCI-017,Fulvestrant (200 mg/kg),43.0,23.12
260,HCI-017,Fulvestrant (200 mg/kg),45.0,25.725
260,HCI-017,Fulvestrant (200 mg/kg),47.0,13.5
261,HCI-017,Vehicle,1.0,43.218
261,HCI-017,Vehicle,3.0,48.074
261,HCI-017,Vehicle,5.0,56.074
261,HCI-017,Vehicle,8.0,78.652
261,HCI-017,Vehicle,10.0,76.7295
261,HCI-017,Vehicle,12.0,78.416
261,HCI-017,Vehicle,15.0,72.5
261,HCI-017,Vehicle,17.0,79.768
261,HCI-017,Vehicle,19.0,90.75
261,HCI-017,Vehicle,22.0,94.08
261,HCI-017,Vehicle,24.0,87.48
261,HCI-017,Vehicle,26.0,97.216
261,HCI-017,Vehicle,29.0,90.75
261,HCI-017,Vehicle,31.0,90.75
261,HCI-017,Vehicle,33.0,81.12
261,HCI-017,Vehicle,36.0,85.176
261,HCI-017,Vehicle,38.0,97.686
261,HCI-017,Vehicle,40.0,102.85
261,HCI-017,Vehicle,43.0,138.384
261,HCI-017,Vehicle,45.0,210.826
261,HCI-017,Vehicle,47.0,249.444
262,HCI-017,Vehicle,1.0,55.016
262,HCI-017,Vehicle,3.0,55.016
262,HCI-017,Vehicle,5.0,56.074
262,HCI-017,Vehicle,8.0,62.422
262,HCI-017,Vehicle,10.0,67.968
262,HCI-017,Vehicle,12.0,72.5
262,HCI-017,Vehicle,15.0,81.648
262,HCI-017,Vehicle,17.0,90.944
262,HCI-017,Vehicle,19.0,94.08
262,HCI-017,Vehicle,22.0,89.888
262,HCI-017,Vehicle,24.0,87.88
262,HCI-017,Vehicle,26.0,102.85
262,HCI-017,Vehicle,29.0,108.0
262,HCI-017,Vehicle,31.0,111.6
262,HCI-017,Vehicle,33.0,130.977
262,HCI-017,Vehicle,36.0,130.696
262,HCI-017,Vehicle,38.0,140.8995
262,HCI-017,Vehicle,40.0,158.4375
262,HCI-017,Vehicle,43.0,158.4375
262,HCI-017,Vehicle,45.0,172.8265
262,HCI-017,Vehicle,47.0,172.8265
263,HCI-017,Vehicle,1.0,74.36
263,HCI-017,Vehicle,3.0,84.7
263,HCI-017,Vehicle,5.0,108.0
263,HCI-017,Vehicle,8.0,117.0
263,HCI-017,Vehicle,10.0,134.54
263,HCI-017,Vehicle,12.0,147.456
263,HCI-017,Vehicle,15.0,158.4375
263,HCI-017,Vehicle,17.0,177.3155
263,HCI-017,Vehicle,19.0,179.56
263,HCI-017,Vehicle,22.0,191.1
263,HCI-017,Vehicle,24.0,196.0
263,HCI-017,Vehicle,26.0,200.9
263,HCI-017,Vehicle,29.0,215.6
263,HCI-017,Vehicle,31.0,222.912
263,HCI-017,Vehicle,33.0,223.818
263,HCI-017,Vehicle,36.0,230.625
263,HCI-017,Vehicle,38.0,262.4
263,HCI-017,Vehicle,40.0,255.881
263,HCI-017,Vehicle,43.0,259.0015
263,HCI-017,Vehicle,45.0,268.8
263,HCI-017,Vehicle,47.0,292.7825
